timestamp,asks,bids,best_bid,best_ask,spread,spread_pct,mid_price,ask_volume,bid_volume,volume_imbalance,bid_volume_change,ask_volume_change
2025-09-01 04:10:21.905657100+00:00,"[{'price': 0.04106352, 'size': 0.02019968}, {'price': 0.04109, 'size': 0.00249469}, {'price': 0.0411, 'size': 0.00245985}, {'price': 0.04112342, 'size': 0.00935766}, {'price': 0.0412, 'size': 0.00247837}, {'price': 0.04123503, 'size': 0.10289232}, {'price': 0.04127887, 'size': 0.00514814}, {'price': 0.04129712, 'size': 0.02982162}, {'price': 0.0413, 'size': 0.0024723}, {'price': 0.0415, 'size': 0.05628606}, {'price': 0.04152, 'size': 0.00024939}, {'price': 0.04157, 'size': 0.00124909}, {'price': 0.0416, 'size': 0.01072836}, {'price': 0.04162, 'size': 0.00024879}, {'price': 0.04167, 'size': 0.00024849}, {'price': 0.04169613, 'size': 0.002}, {'price': 0.0417, 'size': 0.0025}, {'price': 0.04172, 'size': 0.00024819}, {'price': 0.04177, 'size': 0.00024789}, {'price': 0.0418, 'size': 0.0025}, {'price': 0.04180188, 'size': 0.0024718}, {'price': 0.04182, 'size': 0.00024663}, {'price': 0.04187, 'size': 0.00024705}, {'price': 0.0419, 'size': 0.0025}, {'price': 0.04191919, 'size': 0.00369912}, {'price': 0.04191967, 'size': 0.02965129}, {'price': 0.04192, 'size': 0.00024652}, {'price': 0.04197, 'size': 0.00024694}, {'price': 0.04197577, 'size': 0.01199991}, {'price': 0.042, 'size': 0.00274414}, {'price': 0.04202, 'size': 0.00023971}, {'price': 0.04207, 'size': 0.00023942}, {'price': 0.0421, 'size': 0.0025}, {'price': 0.04212, 'size': 0.00023914}, {'price': 0.04215981, 'size': 0.00515976}, {'price': 0.04217, 'size': 0.00023885}, {'price': 0.04222, 'size': 0.00023857}, {'price': 0.04227, 'size': 0.00023852}, {'price': 0.0423, 'size': 0.00247711}, {'price': 0.04232, 'size': 0.00023847}, {'price': 0.04237, 'size': 0.00023795}, {'price': 0.0424, 'size': 0.00308829}, {'price': 0.04242, 'size': 0.00023767}, {'price': 0.04245, 'size': 0.00331333}, {'price': 0.04247, 'size': 0.00023786}, {'price': 0.04251895, 'size': 0.00267199}, {'price': 0.04252, 'size': 0.00023687}, {'price': 0.04257, 'size': 0.00023683}, {'price': 0.04260039, 'size': 0.00289111}, {'price': 0.04262, 'size': 0.00023702}]","[{'price': 0.0405, 'size': 0.00249086}, {'price': 0.04049003, 'size': 0.00287427}, {'price': 0.0404, 'size': 0.00374251}, {'price': 0.0403, 'size': 0.00250347}, {'price': 0.0402, 'size': 0.00424003}, {'price': 0.04017857, 'size': 0.0031564}, {'price': 0.0401, 'size': 0.00252159}, {'price': 0.04000477, 'size': 0.01349061}, {'price': 0.04, 'size': 0.00279375}, {'price': 0.03997421, 'size': 0.0003112}, {'price': 0.0399187, 'size': 0.00344171}, {'price': 0.0399, 'size': 0.00252658}, {'price': 0.03980902, 'size': 0.00521236}, {'price': 0.0398, 'size': 0.00251407}, {'price': 0.0397, 'size': 0.0025204}, {'price': 0.0395, 'size': 0.0026162}, {'price': 0.0394, 'size': 0.01482199}, {'price': 0.03939782, 'size': 0.00229782}, {'price': 0.0393, 'size': 0.00261679}, {'price': 0.03925777, 'size': 0.00246826}, {'price': 0.0392, 'size': 0.00287474}, {'price': 0.0391, 'size': 0.0028757}, {'price': 0.03900577, 'size': 0.01444284}, {'price': 0.0390001, 'size': 0.00027}, {'price': 0.039, 'size': 0.00589442}, {'price': 0.0389, 'size': 0.00287763}, {'price': 0.03885, 'size': 0.00025997}, {'price': 0.0388, 'size': 0.00287859}, {'price': 0.0387, 'size': 0.00287958}, {'price': 0.03869211, 'size': 0.11164759}, {'price': 0.0386, 'size': 0.00288056}, {'price': 0.03855, 'size': 0.00026199}, {'price': 0.0385, 'size': 0.00026233}, {'price': 0.03845, 'size': 0.00026267}, {'price': 0.0384, 'size': 0.00288255}, {'price': 0.03834, 'size': 0.00272818}, {'price': 0.0383, 'size': 0.00261984}, {'price': 0.0382, 'size': 0.00310942}, {'price': 0.03816613, 'size': 0.00082193}, {'price': 0.0381, 'size': 0.00617137}, {'price': 0.03802, 'size': 1.1}, {'price': 0.03801277, 'size': 0.01221849}, {'price': 0.0380001, 'size': 0.00028}, {'price': 0.038, 'size': 0.01415858}, {'price': 0.0379, 'size': 0.00311212}, {'price': 0.0378, 'size': 0.00338066}, {'price': 0.03772, 'size': 0.01493382}, {'price': 0.0377, 'size': 0.00311485}, {'price': 0.03763159, 'size': 0.02189266}, {'price': 0.0376, 'size': 0.00438429}]",0.0405,0.04106352,0.0005635199999999979,1.391407407407402,0.04078176,0.33308276,1.4255382399999998,0.6212000652784199,-0.19999999999999996,0.0
2025-09-01 04:28:40.699937+00:00,"[{'price': 0.04107353, 'size': 0.02401382}, {'price': 0.04109, 'size': 0.00249469}, {'price': 0.0411, 'size': 0.00245985}, {'price': 0.04112342, 'size': 0.00935766}, {'price': 0.0412, 'size': 0.00247837}, {'price': 0.04123503, 'size': 0.10289232}, {'price': 0.04127887, 'size': 0.00514814}, {'price': 0.04129712, 'size': 0.02982162}, {'price': 0.0413, 'size': 0.0024723}, {'price': 0.0414, 'size': 0.002}, {'price': 0.04145, 'size': 0.004}, {'price': 0.0415, 'size': 0.05628606}, {'price': 0.04152, 'size': 0.00024939}, {'price': 0.04157, 'size': 0.00124909}, {'price': 0.0416, 'size': 0.01072836}, {'price': 0.04162, 'size': 0.00024879}, {'price': 0.04167, 'size': 0.00024849}, {'price': 0.04169613, 'size': 0.002}, {'price': 0.0417, 'size': 0.0025}, {'price': 0.04172, 'size': 0.00024819}, {'price': 0.04177, 'size': 0.00024789}, {'price': 0.0418, 'size': 0.0025}, {'price': 0.04180188, 'size': 0.0024718}, {'price': 0.04182, 'size': 0.00024663}, {'price': 0.04187, 'size': 0.00024705}, {'price': 0.0419, 'size': 0.0025}, {'price': 0.04191919, 'size': 0.00369912}, {'price': 0.04191967, 'size': 0.02965129}, {'price': 0.04192, 'size': 0.00024652}, {'price': 0.04197, 'size': 0.00024694}, {'price': 0.04197577, 'size': 0.01199991}, {'price': 0.042, 'size': 0.00274414}, {'price': 0.04202, 'size': 0.00023971}, {'price': 0.04207, 'size': 0.00023942}, {'price': 0.0421, 'size': 0.0025}, {'price': 0.04212, 'size': 0.00023914}, {'price': 0.04215981, 'size': 0.00515976}, {'price': 0.04217, 'size': 0.00023885}, {'price': 0.04222, 'size': 0.00023857}, {'price': 0.04227, 'size': 0.00023852}, {'price': 0.0423, 'size': 0.00247711}, {'price': 0.04232, 'size': 0.00023847}, {'price': 0.04237, 'size': 0.00023795}, {'price': 0.0424, 'size': 0.00308829}, {'price': 0.04242, 'size': 0.00023767}, {'price': 0.04245, 'size': 0.00331333}, {'price': 0.04247, 'size': 0.00023786}, {'price': 0.04251895, 'size': 0.00267199}, {'price': 0.04252, 'size': 0.00023687}, {'price': 0.04257, 'size': 0.00023683}]","[{'price': 0.04051304, 'size': 0.05272888}, {'price': 0.0405, 'size': 0.00249086}, {'price': 0.04049003, 'size': 0.00287427}, {'price': 0.0404, 'size': 0.00374251}, {'price': 0.0403, 'size': 0.00250347}, {'price': 0.0402, 'size': 0.00424003}, {'price': 0.04017857, 'size': 0.0031564}, {'price': 0.0401, 'size': 0.00252159}, {'price': 0.04000477, 'size': 0.01349061}, {'price': 0.04, 'size': 0.00279375}, {'price': 0.03997421, 'size': 0.0003112}, {'price': 0.0399187, 'size': 0.00344171}, {'price': 0.0399, 'size': 0.00252658}, {'price': 0.03980902, 'size': 0.00521236}, {'price': 0.0398, 'size': 0.00251407}, {'price': 0.0397, 'size': 0.0025204}, {'price': 0.0395, 'size': 0.0026162}, {'price': 0.0394, 'size': 0.01482199}, {'price': 0.03939782, 'size': 0.00229782}, {'price': 0.0393, 'size': 0.00261679}, {'price': 0.03925777, 'size': 0.00246826}, {'price': 0.0392, 'size': 0.00287474}, {'price': 0.0391, 'size': 0.0028757}, {'price': 0.03907353, 'size': 0.04093716}, {'price': 0.03900577, 'size': 0.01444284}, {'price': 0.0390001, 'size': 0.00027}, {'price': 0.039, 'size': 0.00589442}, {'price': 0.0389, 'size': 0.00287763}, {'price': 0.03885, 'size': 0.00025997}, {'price': 0.0388, 'size': 0.00287859}, {'price': 0.0387, 'size': 0.00287958}, {'price': 0.03869211, 'size': 0.11164759}, {'price': 0.0386, 'size': 0.00288056}, {'price': 0.03855, 'size': 0.00026199}, {'price': 0.0385, 'size': 0.00026233}, {'price': 0.03845, 'size': 0.00026267}, {'price': 0.0384, 'size': 0.00288255}, {'price': 0.03834, 'size': 0.00272818}, {'price': 0.0383, 'size': 0.00261984}, {'price': 0.0382, 'size': 0.00310942}, {'price': 0.03816613, 'size': 0.00082193}, {'price': 0.0381, 'size': 0.00617137}, {'price': 0.03802, 'size': 1.1}, {'price': 0.03801277, 'size': 0.01221849}, {'price': 0.0380001, 'size': 0.00028}, {'price': 0.038, 'size': 0.01415858}, {'price': 0.0379, 'size': 0.00311212}, {'price': 0.0378, 'size': 0.00338066}, {'price': 0.03772, 'size': 0.01493382}, {'price': 0.0377, 'size': 0.00311485}]",0.04051304,0.04107353,0.0005604899999999968,1.3834804793715723,0.040793285,0.33976877000000005,1.4929273299999999,0.6292142816258516,0.06738909000000004,0.0066860100000000755
2025-09-01 17:16:45.945704900+00:00,"[{'price': 0.04030504, 'size': 0.37084234}, {'price': 0.0406, 'size': 0.00252159}, {'price': 0.0407, 'size': 0.0025097}, {'price': 0.04070961, 'size': 0.10289232}, {'price': 0.04079014, 'size': 0.00218959}, {'price': 0.0408, 'size': 0.00537774}, {'price': 0.0409, 'size': 0.00249702}, {'price': 0.04097577, 'size': 0.00514814}, {'price': 0.04098987, 'size': 0.00316422}, {'price': 0.041, 'size': 0.00249086}, {'price': 0.04109, 'size': 0.00249469}, {'price': 0.0411, 'size': 0.00245985}, {'price': 0.04112342, 'size': 0.00935766}, {'price': 0.0412, 'size': 0.00247837}, {'price': 0.04129712, 'size': 0.02982162}, {'price': 0.0413, 'size': 0.0024723}, {'price': 0.0414, 'size': 0.002}, {'price': 0.04145, 'size': 0.004}, {'price': 0.0415, 'size': 0.05628606}, {'price': 0.04152, 'size': 0.00024939}, {'price': 0.04157, 'size': 0.00124909}, {'price': 0.0416, 'size': 0.0035}, {'price': 0.04162, 'size': 0.00024879}, {'price': 0.04167, 'size': 0.00024849}, {'price': 0.04169613, 'size': 0.002}, {'price': 0.0417, 'size': 0.0025}, {'price': 0.04172, 'size': 0.00024819}, {'price': 0.04177, 'size': 0.00024789}, {'price': 0.0418, 'size': 0.0025}, {'price': 0.04180188, 'size': 0.0024718}, {'price': 0.04182, 'size': 0.00024663}, {'price': 0.04187, 'size': 0.00024705}, {'price': 0.0419, 'size': 0.0025}, {'price': 0.04191919, 'size': 0.00369912}, {'price': 0.04191967, 'size': 0.02965129}, {'price': 0.04192, 'size': 0.00024652}, {'price': 0.04197, 'size': 0.00024694}, {'price': 0.04197577, 'size': 0.01199991}, {'price': 0.042, 'size': 0.00274414}, {'price': 0.04202, 'size': 0.00023971}, {'price': 0.04207, 'size': 0.00023942}, {'price': 0.0421, 'size': 0.0025}, {'price': 0.04212, 'size': 0.00023914}, {'price': 0.04215981, 'size': 0.00515976}, {'price': 0.04217, 'size': 0.00023885}, {'price': 0.04222, 'size': 0.00023857}, {'price': 0.04227, 'size': 0.00023852}, {'price': 0.0423, 'size': 0.00247711}, {'price': 0.04232, 'size': 0.00023847}, {'price': 0.04237, 'size': 0.00023795}]","[{'price': 0.04000477, 'size': 0.00834247}, {'price': 0.04, 'size': 0.00279375}, {'price': 0.03997421, 'size': 0.0003112}, {'price': 0.0399187, 'size': 0.00344171}, {'price': 0.0399, 'size': 0.00252658}, {'price': 0.03980902, 'size': 0.00521236}, {'price': 0.0398, 'size': 0.00251407}, {'price': 0.0397, 'size': 0.0025204}, {'price': 0.03968727, 'size': 0.00293948}, {'price': 0.0395, 'size': 0.0026162}, {'price': 0.0394, 'size': 0.01482199}, {'price': 0.03939782, 'size': 0.00229782}, {'price': 0.0393, 'size': 0.00261679}, {'price': 0.03925777, 'size': 0.00246826}, {'price': 0.0392, 'size': 0.00287474}, {'price': 0.0391, 'size': 0.0028757}, {'price': 0.03907353, 'size': 0.04093716}, {'price': 0.03900577, 'size': 0.01444284}, {'price': 0.0390001, 'size': 0.00027}, {'price': 0.039, 'size': 0.00287435}, {'price': 0.0389, 'size': 0.00287763}, {'price': 0.03885, 'size': 0.00025997}, {'price': 0.0388, 'size': 0.00287859}, {'price': 0.0387, 'size': 0.00287958}, {'price': 0.03869211, 'size': 0.11164759}, {'price': 0.0386, 'size': 0.00288056}, {'price': 0.03855, 'size': 0.00026199}, {'price': 0.0385, 'size': 0.00026233}, {'price': 0.03845, 'size': 0.00026267}, {'price': 0.0384, 'size': 0.00288255}, {'price': 0.03834, 'size': 0.00272818}, {'price': 0.0383, 'size': 0.00261984}, {'price': 0.0382, 'size': 0.00310942}, {'price': 0.03816613, 'size': 0.00082193}, {'price': 0.0381, 'size': 0.00311049}, {'price': 0.03802, 'size': 1.1}, {'price': 0.03801277, 'size': 0.01221849}, {'price': 0.0380001, 'size': 0.00028}, {'price': 0.038, 'size': 0.00836342}, {'price': 0.0379, 'size': 0.00311212}, {'price': 0.0378, 'size': 0.00338066}, {'price': 0.03772, 'size': 0.01493382}, {'price': 0.0377, 'size': 0.00311485}, {'price': 0.03763159, 'size': 0.02189266}, {'price': 0.0376, 'size': 0.00438429}, {'price': 0.03759, 'size': 0.00205824}, {'price': 0.0375, 'size': 0.00311733}, {'price': 0.03745, 'size': 0.00255218}, {'price': 0.03740009, 'size': 0.00401068}, {'price': 0.0374, 'size': 0.00283288}]",0.04000477,0.04030504,0.0003002699999999983,0.7505854926799936,0.040154905000000005,0.69009681,1.4454328099999998,0.353699612932552,0.0,0.35322819999999994
2025-09-01 18:11:30.509994100+00:00,"[{'price': 0.04014756, 'size': 0.02002488}, {'price': 0.0402, 'size': 0.0006418}, {'price': 0.0404, 'size': 0.0003112}, {'price': 0.04045906, 'size': 0.10245586}, {'price': 0.0405, 'size': 0.0025435}, {'price': 0.0406, 'size': 0.00252159}, {'price': 0.0407, 'size': 0.0025097}, {'price': 0.04079014, 'size': 0.00218959}, {'price': 0.0408, 'size': 0.00537774}, {'price': 0.0409, 'size': 0.00249702}, {'price': 0.04097577, 'size': 0.01349061}, {'price': 0.04098987, 'size': 0.00316422}, {'price': 0.041, 'size': 0.00249086}, {'price': 0.04109, 'size': 0.00249469}, {'price': 0.0411, 'size': 0.00245985}, {'price': 0.04112342, 'size': 0.00935766}, {'price': 0.0412, 'size': 0.00247837}, {'price': 0.04129712, 'size': 0.02982162}, {'price': 0.0413, 'size': 0.0024723}, {'price': 0.0414, 'size': 0.002}, {'price': 0.04145, 'size': 0.004}, {'price': 0.0415, 'size': 0.05628606}, {'price': 0.04152, 'size': 0.00024939}, {'price': 0.04157, 'size': 0.00124909}, {'price': 0.0416, 'size': 0.0035}, {'price': 0.04162, 'size': 0.00024879}, {'price': 0.04167, 'size': 0.00024849}, {'price': 0.04169613, 'size': 0.002}, {'price': 0.0417, 'size': 0.0025}, {'price': 0.04172, 'size': 0.00024819}, {'price': 0.04177, 'size': 0.00024789}, {'price': 0.0418, 'size': 0.0025}, {'price': 0.04180188, 'size': 0.0024718}, {'price': 0.04182, 'size': 0.00024663}, {'price': 0.04187, 'size': 0.00024705}, {'price': 0.0419, 'size': 0.0025}, {'price': 0.04191919, 'size': 0.00369912}, {'price': 0.04191967, 'size': 0.02965129}, {'price': 0.04192, 'size': 0.00024652}, {'price': 0.04197, 'size': 0.00024694}, {'price': 0.04197577, 'size': 0.01199991}, {'price': 0.042, 'size': 0.00274414}, {'price': 0.04202, 'size': 0.00023971}, {'price': 0.04207, 'size': 0.00023942}, {'price': 0.0421, 'size': 0.0025}, {'price': 0.04212, 'size': 0.00023914}, {'price': 0.04215981, 'size': 0.00515976}, {'price': 0.04217, 'size': 0.00023885}, {'price': 0.04222, 'size': 0.00023857}, {'price': 0.04227, 'size': 0.00023852}]","[{'price': 0.0399187, 'size': 0.00279754}, {'price': 0.0399, 'size': 0.00252658}, {'price': 0.03980902, 'size': 0.00521236}, {'price': 0.0398, 'size': 0.00251407}, {'price': 0.0397, 'size': 0.0025204}, {'price': 0.03968727, 'size': 0.00293948}, {'price': 0.0395, 'size': 0.0026162}, {'price': 0.0394, 'size': 0.01482199}, {'price': 0.03939782, 'size': 0.00229782}, {'price': 0.0393, 'size': 0.00261679}, {'price': 0.03925777, 'size': 0.00246826}, {'price': 0.0392, 'size': 0.00287474}, {'price': 0.0391, 'size': 0.0028757}, {'price': 0.03907353, 'size': 0.04093716}, {'price': 0.03900577, 'size': 0.01444284}, {'price': 0.0390001, 'size': 0.00027}, {'price': 0.039, 'size': 0.00287435}, {'price': 0.0389, 'size': 0.00287763}, {'price': 0.03885, 'size': 0.00025997}, {'price': 0.0388, 'size': 0.00287859}, {'price': 0.0387, 'size': 0.00287958}, {'price': 0.03869211, 'size': 0.11164759}, {'price': 0.0386, 'size': 0.00288056}, {'price': 0.03855, 'size': 0.00026199}, {'price': 0.0385, 'size': 0.00026233}, {'price': 0.03845, 'size': 0.00026267}, {'price': 0.0384, 'size': 0.00288255}, {'price': 0.03834, 'size': 0.00272818}, {'price': 0.0383, 'size': 0.00261984}, {'price': 0.0382, 'size': 0.00310942}, {'price': 0.03816613, 'size': 0.00082193}, {'price': 0.0381, 'size': 0.00311049}, {'price': 0.03802, 'size': 1.1}, {'price': 0.03801277, 'size': 0.01221849}, {'price': 0.0380001, 'size': 0.00028}, {'price': 0.038, 'size': 0.00836342}, {'price': 0.0379, 'size': 0.00311212}, {'price': 0.0378, 'size': 0.00338066}, {'price': 0.03772, 'size': 0.01493382}, {'price': 0.0377, 'size': 0.00311485}, {'price': 0.03763159, 'size': 0.02189266}, {'price': 0.0376, 'size': 0.00438429}, {'price': 0.03759, 'size': 0.00205824}, {'price': 0.0375, 'size': 0.00311733}, {'price': 0.03745, 'size': 0.00255218}, {'price': 0.03740009, 'size': 0.00401068}, {'price': 0.0374, 'size': 0.00283288}, {'price': 0.0373, 'size': 0.00324369}, {'price': 0.03723365, 'size': 0.01769471}, {'price': 0.0372, 'size': 0.00324515}]",0.0399187,0.04014756,0.0002288599999999974,0.5733152632725951,0.04003313,0.3477283300000001,1.4575247699999996,0.6147594705695283,0.002289779999999908,-0.38231756999999983
2025-09-02 05:45:13.406877100+00:00,"[{'price': 0.03997779, 'size': 0.02408193}, {'price': 0.04, 'size': 0.00293983}, {'price': 0.04012072, 'size': 0.10345068}, {'price': 0.0402, 'size': 0.00587469}, {'price': 0.04020711, 'size': 0.00521236}, {'price': 0.0403, 'size': 0.00251407}, {'price': 0.0404, 'size': 0.00520768}, {'price': 0.0405, 'size': 0.0025435}, {'price': 0.0406, 'size': 0.00252159}, {'price': 0.0407, 'size': 0.0025097}, {'price': 0.04079014, 'size': 0.00218959}, {'price': 0.0408, 'size': 0.00537774}, {'price': 0.0409, 'size': 0.00249702}, {'price': 0.04097577, 'size': 0.01349061}, {'price': 0.04098987, 'size': 0.00316422}, {'price': 0.041, 'size': 0.00474111}, {'price': 0.04109, 'size': 0.00249469}, {'price': 0.0411, 'size': 0.00245985}, {'price': 0.04112342, 'size': 0.00935766}, {'price': 0.0412, 'size': 0.00247837}, {'price': 0.04129712, 'size': 0.02982162}, {'price': 0.0413, 'size': 0.0024723}, {'price': 0.0414, 'size': 0.00383212}, {'price': 0.04145, 'size': 0.004}, {'price': 0.0415, 'size': 0.05890226}, {'price': 0.04152, 'size': 0.00024939}, {'price': 0.04157, 'size': 0.00124909}, {'price': 0.0416, 'size': 0.0035}, {'price': 0.04162, 'size': 0.00024879}, {'price': 0.04167, 'size': 0.00024849}, {'price': 0.04169613, 'size': 0.002}, {'price': 0.0417, 'size': 0.0025}, {'price': 0.04172, 'size': 0.00024819}, {'price': 0.04177, 'size': 0.00024789}, {'price': 0.0418, 'size': 0.0025}, {'price': 0.04180188, 'size': 0.0024718}, {'price': 0.04182, 'size': 0.00024663}, {'price': 0.04187, 'size': 0.00024705}, {'price': 0.0419, 'size': 0.0025}, {'price': 0.04191919, 'size': 0.00369912}, {'price': 0.04191967, 'size': 0.02965129}, {'price': 0.04192, 'size': 0.00024652}, {'price': 0.04197, 'size': 0.00024694}, {'price': 0.04197577, 'size': 0.01199991}, {'price': 0.042, 'size': 0.00474414}, {'price': 0.04202, 'size': 0.00023971}, {'price': 0.04207, 'size': 0.00023942}, {'price': 0.0421, 'size': 0.0025}, {'price': 0.04212, 'size': 0.00023914}, {'price': 0.04215981, 'size': 0.00515976}]","[{'price': 0.03941969, 'size': 0.0703019}, {'price': 0.0394, 'size': 0.01298987}, {'price': 0.03939782, 'size': 0.00229782}, {'price': 0.0393, 'size': 0.00261679}, {'price': 0.03925777, 'size': 0.00246826}, {'price': 0.0392, 'size': 0.00287474}, {'price': 0.0391, 'size': 0.0028757}, {'price': 0.03907353, 'size': 0.04093716}, {'price': 0.03900577, 'size': 0.01444284}, {'price': 0.0390001, 'size': 0.00027}, {'price': 0.039, 'size': 0.00287435}, {'price': 0.0389, 'size': 0.00287763}, {'price': 0.03885, 'size': 0.00025997}, {'price': 0.0388, 'size': 0.00287859}, {'price': 0.0387, 'size': 0.00287958}, {'price': 0.03869211, 'size': 0.11164759}, {'price': 0.0386, 'size': 0.00288056}, {'price': 0.03855, 'size': 0.00026199}, {'price': 0.0385, 'size': 0.00026233}, {'price': 0.03845, 'size': 0.00026267}, {'price': 0.0384, 'size': 0.00288255}, {'price': 0.03834, 'size': 0.00272818}, {'price': 0.0383, 'size': 0.00261984}, {'price': 0.0382, 'size': 0.00310942}, {'price': 0.03816613, 'size': 0.00082193}, {'price': 0.0381, 'size': 0.00311049}, {'price': 0.03802, 'size': 1.1}, {'price': 0.03801277, 'size': 0.01221849}, {'price': 0.0380001, 'size': 0.00028}, {'price': 0.038, 'size': 0.00866342}, {'price': 0.0379, 'size': 0.00311212}, {'price': 0.0378, 'size': 0.00338066}, {'price': 0.03772, 'size': 0.01493382}, {'price': 0.0377, 'size': 0.00311485}, {'price': 0.03763159, 'size': 0.02189266}, {'price': 0.0376, 'size': 0.00438429}, {'price': 0.03759, 'size': 0.00205824}, {'price': 0.0375, 'size': 0.00311733}, {'price': 0.03745, 'size': 0.00255218}, {'price': 0.03740009, 'size': 0.00401068}, {'price': 0.0374, 'size': 0.00283288}, {'price': 0.0373, 'size': 0.00324369}, {'price': 0.03723365, 'size': 0.01769471}, {'price': 0.0372, 'size': 0.00324515}, {'price': 0.0371, 'size': 0.00351885}, {'price': 0.03702072, 'size': 0.00600362}, {'price': 0.03701277, 'size': 0.01217767}, {'price': 0.0370001, 'size': 0.00029}, {'price': 0.037, 'size': 0.00454594}, {'price': 0.0369, 'size': 0.00297642}]",0.03941969,0.03997779,0.0005580999999999989,1.4157899263033242,0.039698739999999996,0.38155846,1.5346804199999995,0.6017631580463496,0.0673241899999999,-0.0008449900000000454
2025-09-02 06:03:29.561474900+00:00,"[{'price': 0.03997779, 'size': 0.03013763}, {'price': 0.04, 'size': 0.00293983}, {'price': 0.04012072, 'size': 0.10345068}, {'price': 0.0402, 'size': 0.00587469}, {'price': 0.04020711, 'size': 0.00521236}, {'price': 0.0403, 'size': 0.00251407}, {'price': 0.0404, 'size': 0.00520768}, {'price': 0.0405, 'size': 0.0025435}, {'price': 0.0406, 'size': 0.00252159}, {'price': 0.0407, 'size': 0.0025097}, {'price': 0.04079014, 'size': 0.00218959}, {'price': 0.0408, 'size': 0.00537774}, {'price': 0.0409, 'size': 0.00249702}, {'price': 0.04097577, 'size': 0.01349061}, {'price': 0.04098987, 'size': 0.00316422}, {'price': 0.041, 'size': 0.00474111}, {'price': 0.04109, 'size': 0.00249469}, {'price': 0.0411, 'size': 0.00245985}, {'price': 0.04112342, 'size': 0.00935766}, {'price': 0.0412, 'size': 0.00247837}, {'price': 0.04129712, 'size': 0.02982162}, {'price': 0.0413, 'size': 0.0024723}, {'price': 0.0414, 'size': 0.00383212}, {'price': 0.04145, 'size': 0.004}, {'price': 0.0415, 'size': 0.05890226}, {'price': 0.04152, 'size': 0.00024939}, {'price': 0.04157, 'size': 0.00124909}, {'price': 0.0416, 'size': 0.0035}, {'price': 0.04162, 'size': 0.00024879}, {'price': 0.04167, 'size': 0.00024849}, {'price': 0.04169613, 'size': 0.002}, {'price': 0.0417, 'size': 0.0025}, {'price': 0.04172, 'size': 0.00024819}, {'price': 0.04177, 'size': 0.00024789}, {'price': 0.0418, 'size': 0.0025}, {'price': 0.04180188, 'size': 0.0024718}, {'price': 0.04182, 'size': 0.00024663}, {'price': 0.04187, 'size': 0.00024705}, {'price': 0.0419, 'size': 0.0025}, {'price': 0.04191919, 'size': 0.00369912}, {'price': 0.04191967, 'size': 0.02965129}, {'price': 0.04192, 'size': 0.00024652}, {'price': 0.04197, 'size': 0.00024694}, {'price': 0.04197577, 'size': 0.01199991}, {'price': 0.042, 'size': 0.00474414}, {'price': 0.04202, 'size': 0.00023971}, {'price': 0.04207, 'size': 0.00023942}, {'price': 0.0421, 'size': 0.0025}, {'price': 0.04212, 'size': 0.00023914}, {'price': 0.04215981, 'size': 0.00515976}]","[{'price': 0.0394, 'size': 0.01298987}, {'price': 0.03939782, 'size': 0.00229782}, {'price': 0.0393, 'size': 0.00261679}, {'price': 0.03925777, 'size': 0.00246826}, {'price': 0.0392, 'size': 0.00287474}, {'price': 0.0391, 'size': 0.0028757}, {'price': 0.03907353, 'size': 0.04093716}, {'price': 0.03900577, 'size': 0.01444284}, {'price': 0.0390001, 'size': 0.00027}, {'price': 0.039, 'size': 0.00287435}, {'price': 0.0389, 'size': 0.00287763}, {'price': 0.03885, 'size': 0.00025997}, {'price': 0.0388, 'size': 0.00287859}, {'price': 0.0387, 'size': 0.00287958}, {'price': 0.03869211, 'size': 0.11164759}, {'price': 0.0386, 'size': 0.00288056}, {'price': 0.03855, 'size': 0.00026199}, {'price': 0.0385, 'size': 0.00026233}, {'price': 0.03845, 'size': 0.00026267}, {'price': 0.0384, 'size': 0.00288255}, {'price': 0.03834, 'size': 0.00272818}, {'price': 0.0383, 'size': 0.00261984}, {'price': 0.0382, 'size': 0.00310942}, {'price': 0.03816613, 'size': 0.00082193}, {'price': 0.0381, 'size': 0.00311049}, {'price': 0.03802, 'size': 1.1}, {'price': 0.03801277, 'size': 0.01221849}, {'price': 0.0380001, 'size': 0.00028}, {'price': 0.038, 'size': 0.00866342}, {'price': 0.0379, 'size': 0.00311212}, {'price': 0.0378, 'size': 0.00338066}, {'price': 0.03772, 'size': 0.01493382}, {'price': 0.0377, 'size': 0.00311485}, {'price': 0.03763159, 'size': 0.02189266}, {'price': 0.0376, 'size': 0.00438429}, {'price': 0.03759, 'size': 0.00205824}, {'price': 0.0375, 'size': 0.00311733}, {'price': 0.03745, 'size': 0.00255218}, {'price': 0.03740009, 'size': 0.00401068}, {'price': 0.0374, 'size': 0.00283288}, {'price': 0.0373, 'size': 0.00324369}, {'price': 0.03723365, 'size': 0.01769471}, {'price': 0.0372, 'size': 0.00324515}, {'price': 0.0371, 'size': 0.00351885}, {'price': 0.03702072, 'size': 0.00600362}, {'price': 0.03701277, 'size': 0.01217767}, {'price': 0.0370001, 'size': 0.00029}, {'price': 0.037, 'size': 0.00454594}, {'price': 0.0369, 'size': 0.00297642}, {'price': 0.0368, 'size': 0.00297771}]",0.0394,0.03997779,0.0005777900000000016,1.4664720812182783,0.039688895,0.38761415999999993,1.4673562299999996,0.5820804880880065,-0.0673241899999999,0.006055699999999942
2025-09-02 08:47:59.173131300+00:00,"[{'price': 0.04, 'size': 0.00293983}, {'price': 0.0402, 'size': 0.00587469}, {'price': 0.04020711, 'size': 0.00521236}, {'price': 0.04024821, 'size': 0.10210879}, {'price': 0.0403, 'size': 0.00251407}, {'price': 0.0404, 'size': 0.00520768}, {'price': 0.0405, 'size': 0.0025435}, {'price': 0.0406, 'size': 0.00252159}, {'price': 0.0407, 'size': 0.0025097}, {'price': 0.04079014, 'size': 0.00218959}, {'price': 0.0408, 'size': 0.00537774}, {'price': 0.0409, 'size': 0.00249702}, {'price': 0.04097577, 'size': 0.01349061}, {'price': 0.04098987, 'size': 0.00316422}, {'price': 0.041, 'size': 0.00474111}, {'price': 0.04109, 'size': 0.00249469}, {'price': 0.0411, 'size': 0.00245985}, {'price': 0.04112342, 'size': 0.00935766}, {'price': 0.0412, 'size': 0.00247837}, {'price': 0.04129712, 'size': 0.02982162}, {'price': 0.0413, 'size': 0.0024723}, {'price': 0.0414, 'size': 0.00383212}, {'price': 0.04145, 'size': 0.004}, {'price': 0.0415, 'size': 0.05890226}, {'price': 0.04152, 'size': 0.00024939}, {'price': 0.04157, 'size': 0.00124909}, {'price': 0.0416, 'size': 0.0035}, {'price': 0.04162, 'size': 0.00024879}, {'price': 0.04167, 'size': 0.00024849}, {'price': 0.04169613, 'size': 0.002}, {'price': 0.0417, 'size': 0.0025}, {'price': 0.04172, 'size': 0.00024819}, {'price': 0.04177, 'size': 0.00024789}, {'price': 0.0418, 'size': 0.0025}, {'price': 0.04180188, 'size': 0.0024718}, {'price': 0.04182, 'size': 0.00024663}, {'price': 0.04187, 'size': 0.00024705}, {'price': 0.0419, 'size': 0.0025}, {'price': 0.04191919, 'size': 0.00369912}, {'price': 0.04191967, 'size': 0.02965129}, {'price': 0.04192, 'size': 0.00024652}, {'price': 0.04197, 'size': 0.00024694}, {'price': 0.04197577, 'size': 0.01199991}, {'price': 0.042, 'size': 0.00474414}, {'price': 0.04202, 'size': 0.00023971}, {'price': 0.04207, 'size': 0.00023942}, {'price': 0.0421, 'size': 0.0025}, {'price': 0.04212, 'size': 0.00023914}, {'price': 0.04215981, 'size': 0.00515976}, {'price': 0.04217, 'size': 0.00023885}]","[{'price': 0.03953977, 'size': 0.00091241}, {'price': 0.0394, 'size': 0.01298987}, {'price': 0.03939782, 'size': 0.00229782}, {'price': 0.0393, 'size': 0.00261679}, {'price': 0.03925777, 'size': 0.00246826}, {'price': 0.0392, 'size': 0.00287474}, {'price': 0.0391, 'size': 0.0028757}, {'price': 0.03907353, 'size': 0.04093716}, {'price': 0.03900577, 'size': 0.01444284}, {'price': 0.0390001, 'size': 0.00027}, {'price': 0.039, 'size': 0.00287435}, {'price': 0.0389, 'size': 0.00287763}, {'price': 0.03885, 'size': 0.00025997}, {'price': 0.0388, 'size': 0.00287859}, {'price': 0.0387, 'size': 0.00287958}, {'price': 0.03869211, 'size': 0.11164759}, {'price': 0.0386, 'size': 0.00288056}, {'price': 0.03855, 'size': 0.00026199}, {'price': 0.0385, 'size': 0.00026233}, {'price': 0.03845, 'size': 0.00026267}, {'price': 0.0384, 'size': 0.00288255}, {'price': 0.03834, 'size': 0.00272818}, {'price': 0.0383, 'size': 0.00261984}, {'price': 0.0382, 'size': 0.00310942}, {'price': 0.03816613, 'size': 0.00082193}, {'price': 0.0381, 'size': 0.00311049}, {'price': 0.03802, 'size': 1.1}, {'price': 0.03801277, 'size': 0.01221849}, {'price': 0.0380001, 'size': 0.00028}, {'price': 0.038, 'size': 0.00866342}, {'price': 0.0379, 'size': 0.00311212}, {'price': 0.0378, 'size': 0.00338066}, {'price': 0.03772, 'size': 0.01493382}, {'price': 0.0377, 'size': 0.00311485}, {'price': 0.03763159, 'size': 0.02189266}, {'price': 0.0376, 'size': 0.00438429}, {'price': 0.03759, 'size': 0.00205824}, {'price': 0.0375, 'size': 0.00311733}, {'price': 0.03745, 'size': 0.00255218}, {'price': 0.03740009, 'size': 0.00401068}, {'price': 0.0374, 'size': 0.00283288}, {'price': 0.0373, 'size': 0.00324369}, {'price': 0.03723365, 'size': 0.01769471}, {'price': 0.0372, 'size': 0.00324515}, {'price': 0.0371, 'size': 0.00351885}, {'price': 0.03702072, 'size': 0.00600362}, {'price': 0.03701277, 'size': 0.01217767}, {'price': 0.0370001, 'size': 0.00029}, {'price': 0.037, 'size': 0.00454594}, {'price': 0.0369, 'size': 0.00297642}]",0.03953977,0.04,0.000460229999999999,1.1639673169570763,0.039769885000000005,0.35637349,1.4652909299999997,0.6087385952238118,-0.057542399999999994,0.0
2025-09-02 16:07:41.793859700+00:00,"[{'price': 0.03921132, 'size': 0.18525993}, {'price': 0.03949654, 'size': 0.00246826}, {'price': 0.03949823, 'size': 0.102948}, {'price': 0.0396918, 'size': 0.00229782}, {'price': 0.03997948, 'size': 0.00230268}, {'price': 0.04, 'size': 0.00545163}, {'price': 0.0401, 'size': 0.0025055}, {'price': 0.0402, 'size': 0.00587469}, {'price': 0.04020711, 'size': 0.00521236}, {'price': 0.0403, 'size': 0.00251407}, {'price': 0.0404, 'size': 0.00520768}, {'price': 0.0405, 'size': 0.0025435}, {'price': 0.0406, 'size': 0.00252159}, {'price': 0.0407, 'size': 0.0025097}, {'price': 0.0408, 'size': 0.00537774}, {'price': 0.0409, 'size': 0.00249702}, {'price': 0.04097577, 'size': 0.01349061}, {'price': 0.04098987, 'size': 0.00316422}, {'price': 0.041, 'size': 0.00474111}, {'price': 0.04109, 'size': 0.00249469}, {'price': 0.0411, 'size': 0.00245985}, {'price': 0.04112342, 'size': 0.00935766}, {'price': 0.0412, 'size': 0.00247837}, {'price': 0.04129712, 'size': 0.02982162}, {'price': 0.0413, 'size': 0.00508909}, {'price': 0.0414, 'size': 0.00461649}, {'price': 0.04145, 'size': 0.004}, {'price': 0.0415, 'size': 0.05890226}, {'price': 0.04152, 'size': 0.00024939}, {'price': 0.04157, 'size': 0.00124909}, {'price': 0.0416, 'size': 0.0035}, {'price': 0.04162, 'size': 0.00024879}, {'price': 0.04167, 'size': 0.00024849}, {'price': 0.04169613, 'size': 0.002}, {'price': 0.0417, 'size': 0.0025}, {'price': 0.04172, 'size': 0.00024819}, {'price': 0.04177, 'size': 0.00024789}, {'price': 0.0418, 'size': 0.0025}, {'price': 0.04180188, 'size': 0.0024718}, {'price': 0.04182, 'size': 0.00024663}, {'price': 0.04187, 'size': 0.00024705}, {'price': 0.0419, 'size': 0.0025}, {'price': 0.04191919, 'size': 0.00369912}, {'price': 0.04191967, 'size': 0.02965129}, {'price': 0.04192, 'size': 0.00024652}, {'price': 0.04197, 'size': 0.00024694}, {'price': 0.04197577, 'size': 0.01199991}, {'price': 0.042, 'size': 0.00474414}, {'price': 0.04202, 'size': 0.00023971}, {'price': 0.04207, 'size': 0.00023942}]","[{'price': 0.0392, 'size': 0.00287474}, {'price': 0.0391, 'size': 0.0028757}, {'price': 0.03907353, 'size': 0.04093716}, {'price': 0.03900577, 'size': 0.01444284}, {'price': 0.0390001, 'size': 0.00027}, {'price': 0.039, 'size': 0.00287435}, {'price': 0.0389, 'size': 0.00287763}, {'price': 0.03885, 'size': 0.00025997}, {'price': 0.0388, 'size': 0.00287859}, {'price': 0.0387, 'size': 0.00287958}, {'price': 0.03869211, 'size': 0.11164759}, {'price': 0.0386, 'size': 0.00288056}, {'price': 0.03855, 'size': 0.00026199}, {'price': 0.0385, 'size': 0.00026233}, {'price': 0.03845, 'size': 0.00026267}, {'price': 0.0384, 'size': 0.00288255}, {'price': 0.03834, 'size': 0.00272818}, {'price': 0.0383, 'size': 0.00261984}, {'price': 0.0382, 'size': 0.00310942}, {'price': 0.03816613, 'size': 0.00082193}, {'price': 0.0381, 'size': 0.00311049}, {'price': 0.03802, 'size': 1.1}, {'price': 0.03801277, 'size': 0.01221849}, {'price': 0.0380001, 'size': 0.00028}, {'price': 0.038, 'size': 0.00866342}, {'price': 0.0379, 'size': 0.00311212}, {'price': 0.0378, 'size': 0.00338066}, {'price': 0.03772, 'size': 0.01493382}, {'price': 0.0377, 'size': 0.00311485}, {'price': 0.03763159, 'size': 0.02189266}, {'price': 0.0376, 'size': 0.00438429}, {'price': 0.03759, 'size': 0.00205824}, {'price': 0.0375, 'size': 0.00311733}, {'price': 0.03745, 'size': 0.00255218}, {'price': 0.03740009, 'size': 0.00401068}, {'price': 0.0374, 'size': 0.00283288}, {'price': 0.0373, 'size': 0.00324369}, {'price': 0.03723365, 'size': 0.01769471}, {'price': 0.0372, 'size': 0.00324515}, {'price': 0.0371, 'size': 0.00351885}, {'price': 0.03702072, 'size': 0.00600362}, {'price': 0.03701277, 'size': 0.01217767}, {'price': 0.0370001, 'size': 0.00029}, {'price': 0.037, 'size': 0.00454594}, {'price': 0.0369, 'size': 0.00297642}, {'price': 0.0368, 'size': 0.00297771}, {'price': 0.03673267, 'size': 0.01151261}, {'price': 0.0367, 'size': 0.00297874}, {'price': 0.0366, 'size': 0.00297895}, {'price': 0.0365, 'size': 0.04698735}]",0.0392,0.03921132,1.1320000000002162e-05,0.028877551020413676,0.03920566,0.5476325100000001,1.5114411399999996,0.4680787547351692,0.0,0.1703066200000002
2025-09-02 16:26:04.802752300+00:00,"[{'price': 0.03910716, 'size': 0.01012258}, {'price': 0.03949654, 'size': 0.00246826}, {'price': 0.03949823, 'size': 0.102948}, {'price': 0.0396918, 'size': 0.00229782}, {'price': 0.0399, 'size': 0.002518}, {'price': 0.03997948, 'size': 0.00230268}, {'price': 0.04, 'size': 0.00545163}, {'price': 0.0401, 'size': 0.0025055}, {'price': 0.0402, 'size': 0.00587469}, {'price': 0.04020711, 'size': 0.00521236}, {'price': 0.0403, 'size': 0.00251407}, {'price': 0.0404, 'size': 0.00520768}, {'price': 0.0405, 'size': 0.0025435}, {'price': 0.0406, 'size': 0.00252159}, {'price': 0.0407, 'size': 0.0025097}, {'price': 0.0408, 'size': 0.00537774}, {'price': 0.0409, 'size': 0.00249702}, {'price': 0.04097577, 'size': 0.01349061}, {'price': 0.04098987, 'size': 0.00316422}, {'price': 0.041, 'size': 0.00474111}, {'price': 0.04109, 'size': 0.00249469}, {'price': 0.0411, 'size': 0.00245985}, {'price': 0.04112342, 'size': 0.00935766}, {'price': 0.0412, 'size': 0.00509546}, {'price': 0.04129712, 'size': 0.02982162}, {'price': 0.0413, 'size': 0.00508909}, {'price': 0.0414, 'size': 0.00461649}, {'price': 0.04145, 'size': 0.004}, {'price': 0.0415, 'size': 0.05890226}, {'price': 0.04152, 'size': 0.00024939}, {'price': 0.04157, 'size': 0.00124909}, {'price': 0.0416, 'size': 0.0035}, {'price': 0.04162, 'size': 0.00024879}, {'price': 0.04167, 'size': 0.00024849}, {'price': 0.04169613, 'size': 0.002}, {'price': 0.0417, 'size': 0.0025}, {'price': 0.04172, 'size': 0.00024819}, {'price': 0.04177, 'size': 0.00024789}, {'price': 0.0418, 'size': 0.0025}, {'price': 0.04180188, 'size': 0.0024718}, {'price': 0.04182, 'size': 0.00024663}, {'price': 0.04187, 'size': 0.00024705}, {'price': 0.0419, 'size': 0.0025}, {'price': 0.04191919, 'size': 0.00369912}, {'price': 0.04191967, 'size': 0.02965129}, {'price': 0.04192, 'size': 0.00024652}, {'price': 0.04197, 'size': 0.00024694}, {'price': 0.04197577, 'size': 0.01199991}, {'price': 0.042, 'size': 0.00474414}, {'price': 0.04202, 'size': 0.00023971}]","[{'price': 0.0391, 'size': 0.01054833}, {'price': 0.03907353, 'size': 0.04093716}, {'price': 0.03900577, 'size': 0.01444284}, {'price': 0.0390001, 'size': 0.00027}, {'price': 0.039, 'size': 0.00287435}, {'price': 0.0389, 'size': 0.00287763}, {'price': 0.03885, 'size': 0.00025997}, {'price': 0.0388, 'size': 0.00287859}, {'price': 0.0387, 'size': 0.00287958}, {'price': 0.03869211, 'size': 0.11164759}, {'price': 0.0386, 'size': 0.00288056}, {'price': 0.03855, 'size': 0.00026199}, {'price': 0.0385, 'size': 0.00026233}, {'price': 0.03845, 'size': 0.00026267}, {'price': 0.0384, 'size': 0.00288255}, {'price': 0.03834, 'size': 0.00272818}, {'price': 0.0383, 'size': 0.00261984}, {'price': 0.0382, 'size': 0.00310942}, {'price': 0.03816613, 'size': 0.00082193}, {'price': 0.0381, 'size': 0.00311049}, {'price': 0.03802, 'size': 1.1}, {'price': 0.03801277, 'size': 0.01221849}, {'price': 0.0380001, 'size': 0.00028}, {'price': 0.038, 'size': 0.00866342}, {'price': 0.0379, 'size': 0.00311212}, {'price': 0.0378, 'size': 0.00338066}, {'price': 0.03772, 'size': 0.01493382}, {'price': 0.0377, 'size': 0.00311485}, {'price': 0.03763159, 'size': 0.02189266}, {'price': 0.0376, 'size': 0.00438429}, {'price': 0.03759, 'size': 0.00205824}, {'price': 0.0375, 'size': 0.00311733}, {'price': 0.03745, 'size': 0.00255218}, {'price': 0.03740009, 'size': 0.00401068}, {'price': 0.0374, 'size': 0.00283288}, {'price': 0.0373, 'size': 0.00324369}, {'price': 0.03723365, 'size': 0.01769471}, {'price': 0.0372, 'size': 0.00324515}, {'price': 0.0371, 'size': 0.00351885}, {'price': 0.03702072, 'size': 0.00600362}, {'price': 0.03701277, 'size': 0.01217767}, {'price': 0.0370001, 'size': 0.00029}, {'price': 0.037, 'size': 0.00454594}, {'price': 0.0369, 'size': 0.00297642}, {'price': 0.0368, 'size': 0.00297771}, {'price': 0.03673267, 'size': 0.01151261}, {'price': 0.0367, 'size': 0.00297874}, {'price': 0.0366, 'size': 0.00297895}, {'price': 0.0365, 'size': 0.04698735}, {'price': 0.0364, 'size': 0.00297965}]",0.0391,0.03910716,7.1599999999991115e-06,0.018312020460355783,0.03910358,0.37739082999999995,1.5192186799999994,0.6020363411549063,0.00777753999999975,-0.17024168000000017
2025-09-02 17:20:50.825163600+00:00,"[{'price': 0.03937467, 'size': 0.01771041}, {'price': 0.03943006, 'size': 0.21398367}, {'price': 0.03949654, 'size': 0.00246826}, {'price': 0.03949823, 'size': 0.102948}, {'price': 0.0396, 'size': 0.0025371}, {'price': 0.0396918, 'size': 0.00229782}, {'price': 0.0397, 'size': 0.0025307}, {'price': 0.0398, 'size': 0.0025244}, {'price': 0.0399, 'size': 0.002518}, {'price': 0.03997948, 'size': 0.00230268}, {'price': 0.04, 'size': 0.00545163}, {'price': 0.0401, 'size': 0.0025055}, {'price': 0.0402, 'size': 0.00587469}, {'price': 0.04020711, 'size': 0.00521236}, {'price': 0.0403, 'size': 0.00251407}, {'price': 0.0404, 'size': 0.00520768}, {'price': 0.0405, 'size': 0.0025435}, {'price': 0.0406, 'size': 0.00252159}, {'price': 0.0407, 'size': 0.0025097}, {'price': 0.0408, 'size': 0.00537774}, {'price': 0.0409, 'size': 0.00249702}, {'price': 0.04097577, 'size': 0.01349061}, {'price': 0.04098987, 'size': 0.00316422}, {'price': 0.041, 'size': 0.00474111}, {'price': 0.04109, 'size': 0.00249469}, {'price': 0.0411, 'size': 0.00507724}, {'price': 0.04112342, 'size': 0.00935766}, {'price': 0.0412, 'size': 0.00509546}, {'price': 0.04129712, 'size': 0.02982162}, {'price': 0.0413, 'size': 0.00508909}, {'price': 0.0414, 'size': 0.00461649}, {'price': 0.04145, 'size': 0.004}, {'price': 0.0415, 'size': 0.05890226}, {'price': 0.04152, 'size': 0.00024939}, {'price': 0.04157, 'size': 0.00124909}, {'price': 0.0416, 'size': 0.0035}, {'price': 0.04162, 'size': 0.00024879}, {'price': 0.04167, 'size': 0.00024849}, {'price': 0.04169613, 'size': 0.002}, {'price': 0.0417, 'size': 0.0025}, {'price': 0.04172, 'size': 0.00024819}, {'price': 0.04177, 'size': 0.00024789}, {'price': 0.0418, 'size': 0.0025}, {'price': 0.04180188, 'size': 0.0024718}, {'price': 0.04182, 'size': 0.00024663}, {'price': 0.04187, 'size': 0.00024705}, {'price': 0.0419, 'size': 0.0025}, {'price': 0.04191919, 'size': 0.00369912}, {'price': 0.04191967, 'size': 0.02965129}, {'price': 0.04192, 'size': 0.00024652}]","[{'price': 0.03900577, 'size': 0.01444284}, {'price': 0.0390001, 'size': 0.00027}, {'price': 0.039, 'size': 0.00287435}, {'price': 0.0389, 'size': 0.00287763}, {'price': 0.03885, 'size': 0.00025997}, {'price': 0.0388, 'size': 0.01061054}, {'price': 0.0387, 'size': 0.00287958}, {'price': 0.03869211, 'size': 0.11164759}, {'price': 0.0386, 'size': 0.00288056}, {'price': 0.03855, 'size': 0.00026199}, {'price': 0.0385, 'size': 0.00026233}, {'price': 0.03845, 'size': 0.00026267}, {'price': 0.0384, 'size': 0.00288255}, {'price': 0.03834, 'size': 0.00272818}, {'price': 0.0383, 'size': 0.00261984}, {'price': 0.0382, 'size': 0.00310942}, {'price': 0.03816613, 'size': 0.00082193}, {'price': 0.0381, 'size': 0.00311049}, {'price': 0.03802, 'size': 1.1}, {'price': 0.03801277, 'size': 0.01221849}, {'price': 0.0380001, 'size': 0.00028}, {'price': 0.038, 'size': 0.00866342}, {'price': 0.0379, 'size': 0.00311212}, {'price': 0.0378, 'size': 0.00338066}, {'price': 0.03772, 'size': 0.01493382}, {'price': 0.0377, 'size': 0.00311485}, {'price': 0.03763159, 'size': 0.02189266}, {'price': 0.0376, 'size': 0.00438429}, {'price': 0.03759, 'size': 0.00205824}, {'price': 0.0375, 'size': 0.00311733}, {'price': 0.03745, 'size': 0.00255218}, {'price': 0.03740009, 'size': 0.00401068}, {'price': 0.0374, 'size': 0.00283288}, {'price': 0.0373, 'size': 0.00324369}, {'price': 0.03723365, 'size': 0.01769471}, {'price': 0.0372, 'size': 0.00324515}, {'price': 0.0371, 'size': 0.00351885}, {'price': 0.03702072, 'size': 0.00600362}, {'price': 0.03701277, 'size': 0.01217767}, {'price': 0.0370001, 'size': 0.00029}, {'price': 0.037, 'size': 0.00454594}, {'price': 0.0369, 'size': 0.00297642}, {'price': 0.0368, 'size': 0.00297771}, {'price': 0.03673267, 'size': 0.01151261}, {'price': 0.0367, 'size': 0.00297874}, {'price': 0.0366, 'size': 0.00297895}, {'price': 0.0365, 'size': 0.04698735}, {'price': 0.0364, 'size': 0.00297965}, {'price': 0.0363, 'size': 0.00298181}, {'price': 0.03629412, 'size': 0.04305882}]",0.03900577,0.03937467,0.0003688999999999984,0.9457575122859987,0.03919022,0.59194122,1.5215057699999994,0.43983338801414634,0.0,0.20425399000000016
2025-09-02 17:39:05.667596700+00:00,"[{'price': 0.03923126, 'size': 0.01743474}, {'price': 0.03949654, 'size': 0.00246826}, {'price': 0.03949823, 'size': 0.102948}, {'price': 0.0396, 'size': 0.0025371}, {'price': 0.0396918, 'size': 0.00229782}, {'price': 0.0397, 'size': 0.0025307}, {'price': 0.0398, 'size': 0.0025244}, {'price': 0.0399, 'size': 0.002518}, {'price': 0.03997948, 'size': 0.00230268}, {'price': 0.04, 'size': 0.00545163}, {'price': 0.0401, 'size': 0.0025055}, {'price': 0.0402, 'size': 0.00587469}, {'price': 0.04020711, 'size': 0.00521236}, {'price': 0.0403, 'size': 0.00251407}, {'price': 0.0404, 'size': 0.00520768}, {'price': 0.0405, 'size': 0.0025435}, {'price': 0.0406, 'size': 0.00252159}, {'price': 0.0407, 'size': 0.0025097}, {'price': 0.0408, 'size': 0.00537774}, {'price': 0.0409, 'size': 0.00249702}, {'price': 0.04097577, 'size': 0.01349061}, {'price': 0.04098987, 'size': 0.00316422}, {'price': 0.041, 'size': 0.00474111}, {'price': 0.04109, 'size': 0.00249469}, {'price': 0.0411, 'size': 0.00507724}, {'price': 0.04112342, 'size': 0.00935766}, {'price': 0.0412, 'size': 0.00509546}, {'price': 0.04129712, 'size': 0.02982162}, {'price': 0.0413, 'size': 0.00508909}, {'price': 0.0414, 'size': 0.00461649}, {'price': 0.04145, 'size': 0.004}, {'price': 0.0415, 'size': 0.05890226}, {'price': 0.04152, 'size': 0.00024939}, {'price': 0.04157, 'size': 0.00124909}, {'price': 0.0416, 'size': 0.0035}, {'price': 0.04162, 'size': 0.00024879}, {'price': 0.04167, 'size': 0.00024849}, {'price': 0.04169613, 'size': 0.002}, {'price': 0.0417, 'size': 0.0025}, {'price': 0.04172, 'size': 0.00024819}, {'price': 0.04177, 'size': 0.00024789}, {'price': 0.0418, 'size': 0.0025}, {'price': 0.04180188, 'size': 0.0024718}, {'price': 0.04182, 'size': 0.00024663}, {'price': 0.04187, 'size': 0.00024705}, {'price': 0.0419, 'size': 0.0025}, {'price': 0.04191919, 'size': 0.00369912}, {'price': 0.04191967, 'size': 0.02965129}, {'price': 0.04192, 'size': 0.00024652}, {'price': 0.04197, 'size': 0.00024694}]","[{'price': 0.03900577, 'size': 0.01444284}, {'price': 0.0390001, 'size': 0.00027}, {'price': 0.039, 'size': 0.00287435}, {'price': 0.0389, 'size': 0.00287763}, {'price': 0.03885, 'size': 0.00025997}, {'price': 0.0388, 'size': 0.01061054}, {'price': 0.0387, 'size': 0.00287958}, {'price': 0.03869211, 'size': 0.11164759}, {'price': 0.0386, 'size': 0.00288056}, {'price': 0.03855, 'size': 0.00026199}, {'price': 0.0385, 'size': 0.00026233}, {'price': 0.03845, 'size': 0.00026267}, {'price': 0.0384, 'size': 0.00288255}, {'price': 0.03834, 'size': 0.00272818}, {'price': 0.0383, 'size': 0.00261984}, {'price': 0.0382, 'size': 0.00310942}, {'price': 0.03816613, 'size': 0.00082193}, {'price': 0.0381, 'size': 0.00311049}, {'price': 0.03802, 'size': 1.1}, {'price': 0.03801277, 'size': 0.01221849}, {'price': 0.0380001, 'size': 0.00028}, {'price': 0.038, 'size': 0.00866342}, {'price': 0.0379, 'size': 0.00311212}, {'price': 0.0378, 'size': 0.00338066}, {'price': 0.03772, 'size': 0.01493382}, {'price': 0.0377, 'size': 0.00311485}, {'price': 0.03763159, 'size': 0.02189266}, {'price': 0.0376, 'size': 0.00438429}, {'price': 0.03759, 'size': 0.00205824}, {'price': 0.0375, 'size': 0.00311733}, {'price': 0.03745, 'size': 0.00255218}, {'price': 0.03740009, 'size': 0.00401068}, {'price': 0.0374, 'size': 0.00283288}, {'price': 0.0373, 'size': 0.00324369}, {'price': 0.03723365, 'size': 0.01769471}, {'price': 0.0372, 'size': 0.00324515}, {'price': 0.0371, 'size': 0.00351885}, {'price': 0.03702072, 'size': 0.00600362}, {'price': 0.03701277, 'size': 0.01217767}, {'price': 0.0370001, 'size': 0.00029}, {'price': 0.037, 'size': 0.00454594}, {'price': 0.0369, 'size': 0.00297642}, {'price': 0.0368, 'size': 0.00297771}, {'price': 0.03673267, 'size': 0.01151261}, {'price': 0.0367, 'size': 0.00297874}, {'price': 0.0366, 'size': 0.00297895}, {'price': 0.0365, 'size': 0.04698735}, {'price': 0.0364, 'size': 0.00297965}, {'price': 0.0363, 'size': 0.00298181}, {'price': 0.03629412, 'size': 0.04305882}]",0.03900577,0.03923126,0.00022548999999999486,0.578093958919398,0.039118515,0.37792881999999994,1.5215057699999994,0.6020617693394748,0.0,-0.2140124000000001
2025-09-03 00:04:16.383480600+00:00,"[{'price': 0.03921556, 'size': 0.25107651}, {'price': 0.03925542, 'size': 0.10297931}, {'price': 0.03949654, 'size': 0.00246826}, {'price': 0.0396, 'size': 0.0025371}, {'price': 0.0396918, 'size': 0.00229782}, {'price': 0.0397, 'size': 0.0025307}, {'price': 0.0398, 'size': 0.0025244}, {'price': 0.0399, 'size': 0.002518}, {'price': 0.03997577, 'size': 0.01389099}, {'price': 0.03997948, 'size': 0.00230268}, {'price': 0.04, 'size': 0.00545163}, {'price': 0.0401, 'size': 0.0025055}, {'price': 0.0402, 'size': 0.00587469}, {'price': 0.04020711, 'size': 0.00521236}, {'price': 0.0403, 'size': 0.00251407}, {'price': 0.0404, 'size': 0.00520768}, {'price': 0.0405, 'size': 0.0025435}, {'price': 0.0406, 'size': 0.00252159}, {'price': 0.0407, 'size': 0.0025097}, {'price': 0.0408, 'size': 0.00537774}, {'price': 0.0409, 'size': 0.00249702}, {'price': 0.04097577, 'size': 0.01349061}, {'price': 0.04098987, 'size': 0.00316422}, {'price': 0.041, 'size': 0.00474111}, {'price': 0.04109, 'size': 0.00249469}, {'price': 0.0411, 'size': 0.00507724}, {'price': 0.04112342, 'size': 0.00935766}, {'price': 0.0412, 'size': 0.01005698}, {'price': 0.04129712, 'size': 0.02982162}, {'price': 0.0413, 'size': 0.00508909}, {'price': 0.0414, 'size': 0.00461649}, {'price': 0.04145, 'size': 0.004}, {'price': 0.0415, 'size': 0.05890226}, {'price': 0.04152, 'size': 0.00024939}, {'price': 0.04157, 'size': 0.00124909}, {'price': 0.0416, 'size': 0.0035}, {'price': 0.04162, 'size': 0.00024879}, {'price': 0.04167, 'size': 0.00024849}, {'price': 0.04169613, 'size': 0.002}, {'price': 0.0417, 'size': 0.0025}, {'price': 0.04172, 'size': 0.00024819}, {'price': 0.04177, 'size': 0.00024789}, {'price': 0.0418, 'size': 0.0025}, {'price': 0.04180188, 'size': 0.0024718}, {'price': 0.04182, 'size': 0.00024663}, {'price': 0.04187, 'size': 0.00024705}, {'price': 0.0419, 'size': 0.0025}, {'price': 0.04191919, 'size': 0.00369912}, {'price': 0.04191967, 'size': 0.02965129}, {'price': 0.04192, 'size': 0.00024652}]","[{'price': 0.0390001, 'size': 0.00027}, {'price': 0.039, 'size': 0.00287435}, {'price': 0.0389, 'size': 0.00287763}, {'price': 0.03885, 'size': 0.00025997}, {'price': 0.0388, 'size': 0.01061054}, {'price': 0.0387, 'size': 0.00287958}, {'price': 0.03869211, 'size': 0.11164759}, {'price': 0.0386, 'size': 0.00288056}, {'price': 0.03855, 'size': 0.00026199}, {'price': 0.0385, 'size': 0.00026233}, {'price': 0.03845, 'size': 0.00026267}, {'price': 0.0384, 'size': 0.00288255}, {'price': 0.03834, 'size': 0.00272818}, {'price': 0.0383, 'size': 0.00261984}, {'price': 0.0382, 'size': 0.00310942}, {'price': 0.03816613, 'size': 0.00082193}, {'price': 0.0381, 'size': 0.00311049}, {'price': 0.03802, 'size': 1.1}, {'price': 0.03801277, 'size': 0.01221849}, {'price': 0.0380001, 'size': 0.00028}, {'price': 0.038, 'size': 0.00866342}, {'price': 0.0379, 'size': 0.00311212}, {'price': 0.0378, 'size': 0.00338066}, {'price': 0.03772, 'size': 0.01493382}, {'price': 0.0377, 'size': 0.00311485}, {'price': 0.03763159, 'size': 0.02189266}, {'price': 0.0376, 'size': 0.00438429}, {'price': 0.03759, 'size': 0.00205824}, {'price': 0.0375, 'size': 0.00311733}, {'price': 0.03745, 'size': 0.00255218}, {'price': 0.03740009, 'size': 0.00401068}, {'price': 0.0374, 'size': 0.00283288}, {'price': 0.0373, 'size': 0.00324369}, {'price': 0.03723365, 'size': 0.01769471}, {'price': 0.0372, 'size': 0.00324515}, {'price': 0.0371, 'size': 0.00351885}, {'price': 0.03702072, 'size': 0.00600362}, {'price': 0.03701277, 'size': 0.01217767}, {'price': 0.0370001, 'size': 0.00029}, {'price': 0.037, 'size': 0.00454594}, {'price': 0.0369, 'size': 0.00297642}, {'price': 0.0368, 'size': 0.00297771}, {'price': 0.03673267, 'size': 0.01151261}, {'price': 0.0367, 'size': 0.00297874}, {'price': 0.0366, 'size': 0.00297895}, {'price': 0.0365, 'size': 0.04698735}, {'price': 0.0364, 'size': 0.00297965}, {'price': 0.0363, 'size': 0.00298181}, {'price': 0.03629412, 'size': 0.04305882}, {'price': 0.03622034, 'size': 0.00104582}]",0.0390001,0.03921556,0.0002154599999999937,0.5524601218971071,0.039107829999999996,0.63020747,1.5081087499999994,0.4105572748262648,0.0,0.22853677000000006
2025-09-03 00:40:45.056053200+00:00,"[{'price': 0.0391316, 'size': 0.02001977}, {'price': 0.03925542, 'size': 0.10297931}, {'price': 0.03949654, 'size': 0.00246826}, {'price': 0.0396, 'size': 0.0025371}, {'price': 0.0396918, 'size': 0.00229782}, {'price': 0.0397, 'size': 0.0025307}, {'price': 0.0398, 'size': 0.0025244}, {'price': 0.0399, 'size': 0.002518}, {'price': 0.03997577, 'size': 0.01389099}, {'price': 0.03997948, 'size': 0.00230268}, {'price': 0.04, 'size': 0.00545163}, {'price': 0.0401, 'size': 0.0025055}, {'price': 0.0402, 'size': 0.00587469}, {'price': 0.04020711, 'size': 0.00521236}, {'price': 0.0403, 'size': 0.00251407}, {'price': 0.0404, 'size': 0.00520768}, {'price': 0.0405, 'size': 0.0025435}, {'price': 0.0406, 'size': 0.00252159}, {'price': 0.0407, 'size': 0.0025097}, {'price': 0.0408, 'size': 0.00537774}, {'price': 0.0409, 'size': 0.00249702}, {'price': 0.04097577, 'size': 0.01349061}, {'price': 0.04098987, 'size': 0.00316422}, {'price': 0.041, 'size': 0.00474111}, {'price': 0.04109, 'size': 0.00249469}, {'price': 0.0411, 'size': 0.00507724}, {'price': 0.04112342, 'size': 0.00935766}, {'price': 0.0412, 'size': 0.01005698}, {'price': 0.04129712, 'size': 0.02982162}, {'price': 0.0413, 'size': 0.00508909}, {'price': 0.0414, 'size': 0.00461649}, {'price': 0.04145, 'size': 0.004}, {'price': 0.0415, 'size': 0.05890226}, {'price': 0.04152, 'size': 0.00024939}, {'price': 0.04157, 'size': 0.00124909}, {'price': 0.0416, 'size': 0.0035}, {'price': 0.04162, 'size': 0.00024879}, {'price': 0.04167, 'size': 0.00024849}, {'price': 0.04169613, 'size': 0.002}, {'price': 0.0417, 'size': 0.0025}, {'price': 0.04172, 'size': 0.00024819}, {'price': 0.04177, 'size': 0.00024789}, {'price': 0.0418, 'size': 0.0025}, {'price': 0.04180188, 'size': 0.0024718}, {'price': 0.04182, 'size': 0.00024663}, {'price': 0.04187, 'size': 0.00024705}, {'price': 0.0419, 'size': 0.0025}, {'price': 0.04191919, 'size': 0.00369912}, {'price': 0.04191967, 'size': 0.02965129}, {'price': 0.04192, 'size': 0.00024652}]","[{'price': 0.0390001, 'size': 0.00027}, {'price': 0.039, 'size': 0.00287435}, {'price': 0.0389, 'size': 0.00287763}, {'price': 0.03885, 'size': 0.00025997}, {'price': 0.0388, 'size': 0.01061054}, {'price': 0.0387, 'size': 0.00287958}, {'price': 0.03869211, 'size': 0.11164759}, {'price': 0.0386, 'size': 0.00288056}, {'price': 0.03855, 'size': 0.00026199}, {'price': 0.0385, 'size': 0.00026233}, {'price': 0.03845, 'size': 0.00026267}, {'price': 0.0384, 'size': 0.00288255}, {'price': 0.03834, 'size': 0.00272818}, {'price': 0.0383, 'size': 0.00261984}, {'price': 0.0382, 'size': 0.00310942}, {'price': 0.03816613, 'size': 0.00082193}, {'price': 0.0381, 'size': 0.00311049}, {'price': 0.03802, 'size': 1.1}, {'price': 0.03801277, 'size': 0.01221849}, {'price': 0.0380001, 'size': 0.00028}, {'price': 0.038, 'size': 0.00866342}, {'price': 0.0379, 'size': 0.00311212}, {'price': 0.0378, 'size': 0.00338066}, {'price': 0.03772, 'size': 0.01493382}, {'price': 0.0377, 'size': 0.00311485}, {'price': 0.03763159, 'size': 0.02189266}, {'price': 0.0376, 'size': 0.00438429}, {'price': 0.03759, 'size': 0.00205824}, {'price': 0.0375, 'size': 0.00311733}, {'price': 0.03745, 'size': 0.00255218}, {'price': 0.03740009, 'size': 0.00401068}, {'price': 0.0374, 'size': 0.00283288}, {'price': 0.0373, 'size': 0.00324369}, {'price': 0.03723365, 'size': 0.01769471}, {'price': 0.0372, 'size': 0.00324515}, {'price': 0.0371, 'size': 0.00351885}, {'price': 0.03702072, 'size': 0.00600362}, {'price': 0.03701277, 'size': 0.01217767}, {'price': 0.0370001, 'size': 0.00029}, {'price': 0.037, 'size': 0.00454594}, {'price': 0.0369, 'size': 0.00297642}, {'price': 0.0368, 'size': 0.00297771}, {'price': 0.03673267, 'size': 0.01151261}, {'price': 0.0367, 'size': 0.00297874}, {'price': 0.0366, 'size': 0.00297895}, {'price': 0.0365, 'size': 0.04698735}, {'price': 0.0364, 'size': 0.00297965}, {'price': 0.0363, 'size': 0.00298181}, {'price': 0.03629412, 'size': 0.04305882}, {'price': 0.03622034, 'size': 0.00104582}]",0.0390001,0.0391316,0.00013149999999999967,0.3371786226189155,0.03906585,0.39915072999999995,1.5081087499999994,0.581440559938913,0.0,-0.25658931999999984
2025-09-03 04:56:41.029856900+00:00,"[{'price': 0.03921194, 'size': 0.01754073}, {'price': 0.03932181, 'size': 0.10297931}, {'price': 0.03949654, 'size': 0.00246826}, {'price': 0.0396, 'size': 0.0025371}, {'price': 0.0396918, 'size': 0.00229782}, {'price': 0.0397, 'size': 0.0025307}, {'price': 0.0398, 'size': 0.0025244}, {'price': 0.0399, 'size': 0.002518}, {'price': 0.03997577, 'size': 0.01389099}, {'price': 0.03997948, 'size': 0.00230268}, {'price': 0.04, 'size': 0.00545163}, {'price': 0.0401, 'size': 0.0025055}, {'price': 0.0402, 'size': 0.00587469}, {'price': 0.04020711, 'size': 0.00521236}, {'price': 0.0403, 'size': 0.00251407}, {'price': 0.0404, 'size': 0.00520768}, {'price': 0.0405, 'size': 0.0025435}, {'price': 0.0406, 'size': 0.00252159}, {'price': 0.0407, 'size': 0.0025097}, {'price': 0.0408, 'size': 0.00537774}, {'price': 0.0409, 'size': 0.00249702}, {'price': 0.04097577, 'size': 0.01349061}, {'price': 0.04098987, 'size': 0.00316422}, {'price': 0.041, 'size': 0.00474111}, {'price': 0.04109, 'size': 0.00249469}, {'price': 0.0411, 'size': 0.00507724}, {'price': 0.04112342, 'size': 0.00935766}, {'price': 0.0412, 'size': 0.01005698}, {'price': 0.04129712, 'size': 0.02982162}, {'price': 0.0413, 'size': 0.00508909}, {'price': 0.0414, 'size': 0.00461649}, {'price': 0.04145, 'size': 0.004}, {'price': 0.0415, 'size': 0.05890226}, {'price': 0.04152, 'size': 0.00024939}, {'price': 0.04157, 'size': 0.00124909}, {'price': 0.0416, 'size': 0.0035}, {'price': 0.04162, 'size': 0.00024879}, {'price': 0.04167, 'size': 0.00024849}, {'price': 0.04169613, 'size': 0.002}, {'price': 0.0417, 'size': 0.0025}, {'price': 0.04172, 'size': 0.00024819}, {'price': 0.04177, 'size': 0.00024789}, {'price': 0.0418, 'size': 0.0025}, {'price': 0.04180188, 'size': 0.0024718}, {'price': 0.04182, 'size': 0.00024663}, {'price': 0.04187, 'size': 0.00024705}, {'price': 0.0419, 'size': 0.0025}, {'price': 0.04191919, 'size': 0.00369912}, {'price': 0.04191967, 'size': 0.02965129}, {'price': 0.04192, 'size': 0.00024652}]","[{'price': 0.0390001, 'size': 0.00027}, {'price': 0.039, 'size': 0.00287435}, {'price': 0.0389, 'size': 0.00287763}, {'price': 0.03885, 'size': 0.00025997}, {'price': 0.0388, 'size': 0.01061054}, {'price': 0.0387, 'size': 0.00287958}, {'price': 0.03869211, 'size': 0.11164759}, {'price': 0.0386, 'size': 0.00288056}, {'price': 0.03855, 'size': 0.00026199}, {'price': 0.0385, 'size': 0.20026233}, {'price': 0.03845, 'size': 0.00026267}, {'price': 0.0384, 'size': 0.00288255}, {'price': 0.03834, 'size': 0.00272818}, {'price': 0.0383, 'size': 0.00261984}, {'price': 0.0382, 'size': 0.00310942}, {'price': 0.03816613, 'size': 0.00082193}, {'price': 0.0381, 'size': 0.00311049}, {'price': 0.03802, 'size': 1.1}, {'price': 0.03801277, 'size': 0.01221849}, {'price': 0.0380001, 'size': 0.00028}, {'price': 0.038, 'size': 0.00866342}, {'price': 0.0379, 'size': 0.00311212}, {'price': 0.0378, 'size': 0.00311347}, {'price': 0.03772, 'size': 0.01493382}, {'price': 0.0377, 'size': 0.00311485}, {'price': 0.03763159, 'size': 0.02189266}, {'price': 0.0376, 'size': 0.00438429}, {'price': 0.03759, 'size': 0.00205824}, {'price': 0.0375, 'size': 0.00311733}, {'price': 0.03745, 'size': 0.00255218}, {'price': 0.03740009, 'size': 0.00401068}, {'price': 0.0374, 'size': 0.00283288}, {'price': 0.0373, 'size': 0.00324369}, {'price': 0.03723365, 'size': 0.01769471}, {'price': 0.0372, 'size': 0.00324515}, {'price': 0.0371, 'size': 0.00351885}, {'price': 0.03702072, 'size': 0.00600362}, {'price': 0.03701277, 'size': 0.01217767}, {'price': 0.0370001, 'size': 0.00029}, {'price': 0.037, 'size': 0.00454594}, {'price': 0.0369, 'size': 0.00297642}, {'price': 0.0368, 'size': 0.00297771}, {'price': 0.03673267, 'size': 0.01151261}, {'price': 0.0367, 'size': 0.00297874}, {'price': 0.0366, 'size': 0.00297895}, {'price': 0.0365, 'size': 0.04698735}, {'price': 0.0364, 'size': 0.00297965}, {'price': 0.0363, 'size': 0.00298181}, {'price': 0.03629412, 'size': 0.04305882}, {'price': 0.03622034, 'size': 0.00104582}]",0.0390001,0.03921194,0.00021183999999999786,0.543178094415137,0.039106020000000005,0.39667168999999997,1.7078415599999994,0.623027614580236,0.19999999999999996,-0.0009822799999999465
2025-09-03 11:39:58.233525+00:00,"[{'price': 0.03946209, 'size': 0.02018079}, {'price': 0.03949654, 'size': 0.00246826}, {'price': 0.0396, 'size': 0.0025371}, {'price': 0.03962004, 'size': 0.10297931}, {'price': 0.0396918, 'size': 0.00229782}, {'price': 0.0397, 'size': 0.0025307}, {'price': 0.0398, 'size': 0.0025244}, {'price': 0.0399, 'size': 0.002518}, {'price': 0.03997577, 'size': 0.01389099}, {'price': 0.03997948, 'size': 0.00230268}, {'price': 0.04, 'size': 0.00545163}, {'price': 0.0401, 'size': 0.0025055}, {'price': 0.0402, 'size': 0.00587469}, {'price': 0.04020711, 'size': 0.00521236}, {'price': 0.0403, 'size': 0.00251407}, {'price': 0.0404, 'size': 0.00520768}, {'price': 0.0405, 'size': 0.0025435}, {'price': 0.0406, 'size': 0.00252159}, {'price': 0.0407, 'size': 0.0025097}, {'price': 0.0408, 'size': 0.00799603}, {'price': 0.0409, 'size': 0.00511501}, {'price': 0.04097577, 'size': 0.01349061}, {'price': 0.04098987, 'size': 0.00316422}, {'price': 0.041, 'size': 0.0073588}, {'price': 0.04109, 'size': 0.00249469}, {'price': 0.0411, 'size': 0.00507724}, {'price': 0.04112342, 'size': 0.00935766}, {'price': 0.0412, 'size': 0.01005698}, {'price': 0.04129712, 'size': 0.02982162}, {'price': 0.0413, 'size': 0.00508909}, {'price': 0.0414, 'size': 0.00461649}, {'price': 0.04145, 'size': 0.004}, {'price': 0.0415, 'size': 0.10228603}, {'price': 0.04152, 'size': 0.00024939}, {'price': 0.04157, 'size': 0.00124909}, {'price': 0.0416, 'size': 0.0035}, {'price': 0.04162, 'size': 0.00024879}, {'price': 0.04167, 'size': 0.00024849}, {'price': 0.04169613, 'size': 0.002}, {'price': 0.0417, 'size': 0.0025}, {'price': 0.04172, 'size': 0.00024819}, {'price': 0.04177, 'size': 0.00024789}, {'price': 0.0418, 'size': 0.0025}, {'price': 0.04180188, 'size': 0.0024718}, {'price': 0.04182, 'size': 0.00024663}, {'price': 0.04187, 'size': 0.00024705}, {'price': 0.0419, 'size': 0.0025}, {'price': 0.04191919, 'size': 0.00369912}, {'price': 0.04191967, 'size': 0.02965129}, {'price': 0.04192, 'size': 0.00024652}]","[{'price': 0.03891428, 'size': 0.09531143}, {'price': 0.0389, 'size': 0.00025964}, {'price': 0.03885, 'size': 0.00025997}, {'price': 0.0388, 'size': 0.00151792}, {'price': 0.0387, 'size': 0.00287958}, {'price': 0.03869211, 'size': 0.11164759}, {'price': 0.0386, 'size': 0.00288056}, {'price': 0.03855, 'size': 0.00026199}, {'price': 0.0385, 'size': 0.20026233}, {'price': 0.03845, 'size': 0.00026267}, {'price': 0.0384, 'size': 0.00288255}, {'price': 0.03834, 'size': 0.00272818}, {'price': 0.0383, 'size': 0.00261984}, {'price': 0.0382, 'size': 0.00310942}, {'price': 0.03816613, 'size': 0.00082193}, {'price': 0.0381, 'size': 0.00311049}, {'price': 0.03802, 'size': 1.1}, {'price': 0.03801277, 'size': 0.01221849}, {'price': 0.0380001, 'size': 0.00028}, {'price': 0.038, 'size': 0.00866342}, {'price': 0.0379, 'size': 0.00311212}, {'price': 0.0378, 'size': 0.00311347}, {'price': 0.03772, 'size': 0.01493382}, {'price': 0.0377, 'size': 0.00311485}, {'price': 0.03763159, 'size': 0.02189266}, {'price': 0.0376, 'size': 0.00438429}, {'price': 0.03759, 'size': 0.00205824}, {'price': 0.0375, 'size': 0.00311733}, {'price': 0.03745, 'size': 0.00255218}, {'price': 0.03740009, 'size': 0.00401068}, {'price': 0.0374, 'size': 0.00283288}, {'price': 0.0373, 'size': 0.00324369}, {'price': 0.03723365, 'size': 0.01769471}, {'price': 0.0372, 'size': 0.00324515}, {'price': 0.0371, 'size': 0.00351885}, {'price': 0.03702072, 'size': 0.00600362}, {'price': 0.03701277, 'size': 0.01217767}, {'price': 0.0370001, 'size': 0.00029}, {'price': 0.037, 'size': 0.00454594}, {'price': 0.0369, 'size': 0.00297642}, {'price': 0.0368, 'size': 0.00297771}, {'price': 0.03673267, 'size': 0.01151261}, {'price': 0.0367, 'size': 0.00297874}, {'price': 0.0366, 'size': 0.00297895}, {'price': 0.0365, 'size': 0.04698735}, {'price': 0.0364, 'size': 0.00297965}, {'price': 0.0363, 'size': 0.00298181}, {'price': 0.03629412, 'size': 0.04305882}, {'price': 0.03622034, 'size': 0.00104582}, {'price': 0.03620207, 'size': 0.01022759}]",0.03891428,0.03946209,0.0005478099999999958,1.4077351553208637,0.039188185,0.45054948999999994,1.7985256199999995,0.5993468710789298,0.09247359,0.001834620000000009
2025-09-03 11:58:20.705045600+00:00,"[{'price': 0.03941577, 'size': 0.02422667}, {'price': 0.03949654, 'size': 0.00246826}, {'price': 0.0396, 'size': 0.0025371}, {'price': 0.03962004, 'size': 0.10297931}, {'price': 0.0396918, 'size': 0.00229782}, {'price': 0.0397, 'size': 0.0025307}, {'price': 0.0398, 'size': 0.0025244}, {'price': 0.0399, 'size': 0.002518}, {'price': 0.03997577, 'size': 0.01389099}, {'price': 0.03997948, 'size': 0.00230268}, {'price': 0.04, 'size': 0.00545163}, {'price': 0.0401, 'size': 0.0025055}, {'price': 0.0402, 'size': 0.00587469}, {'price': 0.04020711, 'size': 0.00521236}, {'price': 0.0403, 'size': 0.00251407}, {'price': 0.0404, 'size': 0.00520768}, {'price': 0.0405, 'size': 0.0025435}, {'price': 0.0406, 'size': 0.00252159}, {'price': 0.0407, 'size': 0.0025097}, {'price': 0.0408, 'size': 0.00799603}, {'price': 0.0409, 'size': 0.00511501}, {'price': 0.04097577, 'size': 0.01349061}, {'price': 0.04098987, 'size': 0.00316422}, {'price': 0.041, 'size': 0.0073588}, {'price': 0.04109, 'size': 0.00249469}, {'price': 0.0411, 'size': 0.00507724}, {'price': 0.04112342, 'size': 0.00935766}, {'price': 0.0412, 'size': 0.01005698}, {'price': 0.04129712, 'size': 0.02982162}, {'price': 0.0413, 'size': 0.00508909}, {'price': 0.0414, 'size': 0.00461649}, {'price': 0.04145, 'size': 0.004}, {'price': 0.0415, 'size': 0.10228603}, {'price': 0.04152, 'size': 0.00024939}, {'price': 0.04157, 'size': 0.00124909}, {'price': 0.0416, 'size': 0.0035}, {'price': 0.04162, 'size': 0.00024879}, {'price': 0.04167, 'size': 0.00024849}, {'price': 0.04169613, 'size': 0.002}, {'price': 0.0417, 'size': 0.0025}, {'price': 0.04172, 'size': 0.00024819}, {'price': 0.04177, 'size': 0.00024789}, {'price': 0.0418, 'size': 0.0025}, {'price': 0.04180188, 'size': 0.0024718}, {'price': 0.04182, 'size': 0.00024663}, {'price': 0.04187, 'size': 0.00024705}, {'price': 0.0419, 'size': 0.0025}, {'price': 0.04191919, 'size': 0.00369912}, {'price': 0.04191967, 'size': 0.02965129}, {'price': 0.04192, 'size': 0.00024652}]","[{'price': 0.03891464, 'size': 0.02566937}, {'price': 0.0389, 'size': 0.00025964}, {'price': 0.03885, 'size': 0.00025997}, {'price': 0.0388, 'size': 0.00151792}, {'price': 0.0387, 'size': 0.00287958}, {'price': 0.03869211, 'size': 0.11164759}, {'price': 0.0386, 'size': 0.00288056}, {'price': 0.03855, 'size': 0.00026199}, {'price': 0.0385, 'size': 0.20026233}, {'price': 0.03845, 'size': 0.00026267}, {'price': 0.0384, 'size': 0.00288255}, {'price': 0.03834, 'size': 0.00272818}, {'price': 0.0383, 'size': 0.00261984}, {'price': 0.0382, 'size': 0.00310942}, {'price': 0.03816613, 'size': 0.00082193}, {'price': 0.0381, 'size': 0.00311049}, {'price': 0.03802, 'size': 1.1}, {'price': 0.03801277, 'size': 0.01221849}, {'price': 0.0380001, 'size': 0.00028}, {'price': 0.038, 'size': 0.00866342}, {'price': 0.0379, 'size': 0.00311212}, {'price': 0.0378, 'size': 0.00311347}, {'price': 0.03772, 'size': 0.01493382}, {'price': 0.0377, 'size': 0.00311485}, {'price': 0.03763159, 'size': 0.02189266}, {'price': 0.0376, 'size': 0.00438429}, {'price': 0.03759, 'size': 0.00205824}, {'price': 0.0375, 'size': 0.00311733}, {'price': 0.03745, 'size': 0.00255218}, {'price': 0.03740009, 'size': 0.00401068}, {'price': 0.0374, 'size': 0.00283288}, {'price': 0.0373, 'size': 0.00324369}, {'price': 0.03723365, 'size': 0.01769471}, {'price': 0.0372, 'size': 0.00324515}, {'price': 0.0371, 'size': 0.00351885}, {'price': 0.03702072, 'size': 0.00600362}, {'price': 0.03701277, 'size': 0.01217767}, {'price': 0.0370001, 'size': 0.00029}, {'price': 0.037, 'size': 0.00454594}, {'price': 0.0369, 'size': 0.00297642}, {'price': 0.0368, 'size': 0.00297771}, {'price': 0.03673267, 'size': 0.01151261}, {'price': 0.0367, 'size': 0.00297874}, {'price': 0.0366, 'size': 0.00297895}, {'price': 0.0365, 'size': 0.04698735}, {'price': 0.0364, 'size': 0.00297965}, {'price': 0.0363, 'size': 0.00298181}, {'price': 0.03629412, 'size': 0.04305882}, {'price': 0.03622034, 'size': 0.00104582}, {'price': 0.03620207, 'size': 0.01022759}]",0.03891464,0.03941577,0.0005011300000000024,1.2877672773023274,0.039165205,0.45459537,1.7288835599999994,0.5836045278440126,-0.06964206000000006,0.004045880000000057
2025-09-03 14:06:43.752229800+00:00,"[{'price': 0.0396, 'size': 0.0025371}, {'price': 0.03962, 'size': 0.00640085}, {'price': 0.0396918, 'size': 0.00229782}, {'price': 0.0397, 'size': 0.0025307}, {'price': 0.0398, 'size': 0.0025244}, {'price': 0.0399, 'size': 0.002518}, {'price': 0.03991496, 'size': 0.10297931}, {'price': 0.03997577, 'size': 0.01389099}, {'price': 0.04, 'size': 0.00570829}, {'price': 0.0401, 'size': 0.0025055}, {'price': 0.0402, 'size': 0.00587469}, {'price': 0.04020711, 'size': 0.00521236}, {'price': 0.0403, 'size': 0.00251407}, {'price': 0.0404, 'size': 0.00520768}, {'price': 0.0405, 'size': 0.0025435}, {'price': 0.0406, 'size': 0.00252159}, {'price': 0.0407, 'size': 0.0025097}, {'price': 0.0408, 'size': 0.00799603}, {'price': 0.0409, 'size': 0.00511501}, {'price': 0.04097577, 'size': 0.01349061}, {'price': 0.04098987, 'size': 0.00316422}, {'price': 0.041, 'size': 0.0073588}, {'price': 0.04109, 'size': 0.00249469}, {'price': 0.0411, 'size': 0.00507724}, {'price': 0.04112342, 'size': 0.00935766}, {'price': 0.0412, 'size': 0.01005698}, {'price': 0.04129712, 'size': 0.02982162}, {'price': 0.0413, 'size': 0.00508909}, {'price': 0.0414, 'size': 0.00461649}, {'price': 0.04145, 'size': 0.004}, {'price': 0.0415, 'size': 0.10228603}, {'price': 0.04152, 'size': 0.00024939}, {'price': 0.04157, 'size': 0.00124909}, {'price': 0.0416, 'size': 0.0035}, {'price': 0.04162, 'size': 0.00024879}, {'price': 0.04167, 'size': 0.00024849}, {'price': 0.04169613, 'size': 0.002}, {'price': 0.0417, 'size': 0.0025}, {'price': 0.04172, 'size': 0.00024819}, {'price': 0.04177, 'size': 0.00024789}, {'price': 0.0418, 'size': 0.0025}, {'price': 0.04180188, 'size': 0.0024718}, {'price': 0.04182, 'size': 0.00024663}, {'price': 0.04187, 'size': 0.00024705}, {'price': 0.0419, 'size': 0.0025}, {'price': 0.04191919, 'size': 0.00369912}, {'price': 0.04191967, 'size': 0.02965129}, {'price': 0.04192, 'size': 0.00024652}, {'price': 0.04197, 'size': 0.00024694}, {'price': 0.04197577, 'size': 0.01199991}]","[{'price': 0.03925777, 'size': 0.00247084}, {'price': 0.0389, 'size': 0.00025964}, {'price': 0.03885, 'size': 0.00025997}, {'price': 0.0388, 'size': 0.00151792}, {'price': 0.0387, 'size': 0.00287958}, {'price': 0.03869211, 'size': 0.11164759}, {'price': 0.0386, 'size': 0.00288056}, {'price': 0.03855, 'size': 0.00026199}, {'price': 0.0385, 'size': 0.20026233}, {'price': 0.03845, 'size': 0.00026267}, {'price': 0.0384, 'size': 0.00288255}, {'price': 0.03834, 'size': 0.00272818}, {'price': 0.0383, 'size': 0.00261984}, {'price': 0.0382, 'size': 0.00310942}, {'price': 0.03816613, 'size': 0.00082193}, {'price': 0.0381, 'size': 0.00311049}, {'price': 0.03802, 'size': 1.1}, {'price': 0.03801277, 'size': 0.01221849}, {'price': 0.0380001, 'size': 0.00028}, {'price': 0.038, 'size': 0.00866342}, {'price': 0.0379, 'size': 0.00311212}, {'price': 0.0378, 'size': 0.00311347}, {'price': 0.03772, 'size': 0.01493382}, {'price': 0.0377, 'size': 0.00311485}, {'price': 0.03763159, 'size': 0.02189266}, {'price': 0.0376, 'size': 0.00438429}, {'price': 0.03759, 'size': 0.00205824}, {'price': 0.0375, 'size': 0.00311733}, {'price': 0.03745, 'size': 0.00255218}, {'price': 0.03740009, 'size': 0.00401068}, {'price': 0.0374, 'size': 0.00283288}, {'price': 0.0373, 'size': 0.00324369}, {'price': 0.03723365, 'size': 0.01769471}, {'price': 0.0372, 'size': 0.00324515}, {'price': 0.0371, 'size': 0.00351885}, {'price': 0.03702072, 'size': 0.00600362}, {'price': 0.03701277, 'size': 0.01217767}, {'price': 0.0370001, 'size': 0.00029}, {'price': 0.037, 'size': 0.00454594}, {'price': 0.0369, 'size': 0.00297642}, {'price': 0.0368, 'size': 0.00297771}, {'price': 0.03673267, 'size': 0.01151261}, {'price': 0.0367, 'size': 0.00297874}, {'price': 0.0366, 'size': 0.00297895}, {'price': 0.0365, 'size': 0.04698735}, {'price': 0.0364, 'size': 0.00297965}, {'price': 0.0363, 'size': 0.00298181}, {'price': 0.03629412, 'size': 0.04305882}, {'price': 0.03622034, 'size': 0.00104582}, {'price': 0.03620207, 'size': 0.01022759}]",0.03925777,0.0396,0.00034223000000000586,0.8717509934976079,0.039428885,0.4445021199999999,1.7056850299999995,0.5865456455732236,-0.06712680000000004,0.0
2025-09-03 14:43:23.335718500+00:00,"[{'price': 0.0398, 'size': 0.0025244}, {'price': 0.0399, 'size': 0.002518}, {'price': 0.03997577, 'size': 0.01389099}, {'price': 0.04, 'size': 0.00570829}, {'price': 0.0401, 'size': 0.0025055}, {'price': 0.04012738, 'size': 0.10297931}, {'price': 0.0402, 'size': 0.00587469}, {'price': 0.04020711, 'size': 0.00521236}, {'price': 0.0403, 'size': 0.00251407}, {'price': 0.0404, 'size': 0.00520768}, {'price': 0.0405, 'size': 0.0025435}, {'price': 0.0406, 'size': 0.00252159}, {'price': 0.0407, 'size': 0.0025097}, {'price': 0.0408, 'size': 0.00799603}, {'price': 0.0409, 'size': 0.00511501}, {'price': 0.04097577, 'size': 0.01349061}, {'price': 0.04098987, 'size': 0.00316422}, {'price': 0.041, 'size': 0.0073588}, {'price': 0.04109, 'size': 0.00249469}, {'price': 0.0411, 'size': 0.00507724}, {'price': 0.04112342, 'size': 0.00935766}, {'price': 0.0412, 'size': 0.01005698}, {'price': 0.04129712, 'size': 0.02982162}, {'price': 0.0413, 'size': 0.00508909}, {'price': 0.0414, 'size': 0.00461649}, {'price': 0.04145, 'size': 0.004}, {'price': 0.0415, 'size': 0.10228603}, {'price': 0.04152, 'size': 0.00024939}, {'price': 0.04157, 'size': 0.00124909}, {'price': 0.0416, 'size': 0.0035}, {'price': 0.04162, 'size': 0.00024879}, {'price': 0.04167, 'size': 0.00024849}, {'price': 0.04169613, 'size': 0.002}, {'price': 0.0417, 'size': 0.0025}, {'price': 0.04172, 'size': 0.00024819}, {'price': 0.04177, 'size': 0.00024789}, {'price': 0.0418, 'size': 0.0025}, {'price': 0.04180188, 'size': 0.0024718}, {'price': 0.04182, 'size': 0.00024663}, {'price': 0.04187, 'size': 0.00024705}, {'price': 0.0419, 'size': 0.0025}, {'price': 0.04191919, 'size': 0.00369912}, {'price': 0.04191967, 'size': 0.02965129}, {'price': 0.04192, 'size': 0.00024652}, {'price': 0.04197, 'size': 0.00024694}, {'price': 0.04197577, 'size': 0.01199991}, {'price': 0.042, 'size': 0.00474414}, {'price': 0.04202, 'size': 0.00023971}, {'price': 0.04207, 'size': 0.00023942}, {'price': 0.0421, 'size': 0.0025}]","[{'price': 0.0396, 'size': 0.00528512}, {'price': 0.03939782, 'size': 0.00230517}, {'price': 0.03925777, 'size': 0.00247084}, {'price': 0.0392, 'size': 0.00255229}, {'price': 0.0391, 'size': 0.00255882}, {'price': 0.0389, 'size': 0.00025964}, {'price': 0.03885, 'size': 0.00025997}, {'price': 0.0388, 'size': 0.00151792}, {'price': 0.0387, 'size': 0.00287958}, {'price': 0.03869211, 'size': 0.11164759}, {'price': 0.0386, 'size': 0.00288056}, {'price': 0.03855, 'size': 0.00026199}, {'price': 0.0385, 'size': 0.20026233}, {'price': 0.03845, 'size': 0.00026267}, {'price': 0.0384, 'size': 0.00288255}, {'price': 0.03834, 'size': 0.00272818}, {'price': 0.0383, 'size': 0.00261984}, {'price': 0.0382, 'size': 0.00310942}, {'price': 0.03816613, 'size': 0.00082193}, {'price': 0.0381, 'size': 0.00311049}, {'price': 0.03802, 'size': 1.1}, {'price': 0.03801277, 'size': 0.01221849}, {'price': 0.0380001, 'size': 0.00028}, {'price': 0.038, 'size': 0.00866342}, {'price': 0.0379, 'size': 0.00311212}, {'price': 0.0378, 'size': 0.00311347}, {'price': 0.03772, 'size': 0.01493382}, {'price': 0.0377, 'size': 0.00311485}, {'price': 0.03763159, 'size': 0.02189266}, {'price': 0.0376, 'size': 0.00438429}, {'price': 0.03759, 'size': 0.00205824}, {'price': 0.0375, 'size': 0.00311733}, {'price': 0.03745, 'size': 0.00255218}, {'price': 0.03740009, 'size': 0.00401068}, {'price': 0.0374, 'size': 0.00283288}, {'price': 0.0373, 'size': 0.00324369}, {'price': 0.03723365, 'size': 0.01769471}, {'price': 0.0372, 'size': 0.00324515}, {'price': 0.0371, 'size': 0.00351885}, {'price': 0.03702072, 'size': 0.00600362}, {'price': 0.03701277, 'size': 0.01217767}, {'price': 0.0370001, 'size': 0.00029}, {'price': 0.037, 'size': 0.00454594}, {'price': 0.0369, 'size': 0.00297642}, {'price': 0.0368, 'size': 0.00297771}, {'price': 0.03673267, 'size': 0.01151261}, {'price': 0.0367, 'size': 0.00297874}, {'price': 0.0366, 'size': 0.00297895}, {'price': 0.0365, 'size': 0.04698735}, {'price': 0.0364, 'size': 0.00297965}]",0.0396,0.0398,0.0001999999999999988,0.505050505050502,0.0397,0.4384589199999999,1.6610723899999995,0.582326857511832,-0.07179428999999993,0.0
2025-09-03 16:33:30.943424800+00:00,"[{'price': 0.03984, 'size': 199.665}, {'price': 0.0399, 'size': 0.002518}, {'price': 0.03997577, 'size': 0.01389099}, {'price': 0.04, 'size': 0.00570829}, {'price': 0.0401, 'size': 0.0025055}, {'price': 0.0402, 'size': 0.00587469}, {'price': 0.04020711, 'size': 0.00521236}, {'price': 0.04020795, 'size': 0.10297931}, {'price': 0.0403, 'size': 0.00251407}, {'price': 0.0404, 'size': 0.00520768}, {'price': 0.0405, 'size': 0.0025435}, {'price': 0.0406, 'size': 0.00252159}, {'price': 0.0407, 'size': 0.0025097}, {'price': 0.0408, 'size': 0.00799603}, {'price': 0.0409, 'size': 0.00511501}, {'price': 0.04097577, 'size': 0.01349061}, {'price': 0.04098987, 'size': 0.00316422}, {'price': 0.041, 'size': 0.0073588}, {'price': 0.04109, 'size': 0.00249469}, {'price': 0.0411, 'size': 0.00507724}, {'price': 0.04112342, 'size': 0.00935766}, {'price': 0.0412, 'size': 0.01005698}, {'price': 0.04129712, 'size': 0.02982162}, {'price': 0.0413, 'size': 0.00508909}, {'price': 0.0414, 'size': 0.00461649}, {'price': 0.04145, 'size': 0.004}, {'price': 0.0415, 'size': 0.10228603}, {'price': 0.04152, 'size': 0.00024939}, {'price': 0.04157, 'size': 0.00124909}, {'price': 0.0416, 'size': 0.0035}, {'price': 0.04162, 'size': 0.00024879}, {'price': 0.04167, 'size': 0.00024849}, {'price': 0.04169613, 'size': 0.002}, {'price': 0.0417, 'size': 0.0025}, {'price': 0.04172, 'size': 0.00024819}, {'price': 0.04177, 'size': 0.00024789}, {'price': 0.0418, 'size': 0.0025}, {'price': 0.04180188, 'size': 0.0024718}, {'price': 0.04182, 'size': 0.00024663}, {'price': 0.04187, 'size': 0.00024705}, {'price': 0.0419, 'size': 0.0025}, {'price': 0.04191919, 'size': 0.00369912}, {'price': 0.04191967, 'size': 0.02965129}, {'price': 0.04192, 'size': 0.00024652}, {'price': 0.04197, 'size': 0.00024694}, {'price': 0.04197577, 'size': 0.01199991}, {'price': 0.042, 'size': 0.00474414}, {'price': 0.04202, 'size': 0.00023971}, {'price': 0.04207, 'size': 0.00023942}, {'price': 0.0421, 'size': 0.0025}]","[{'price': 0.0396, 'size': 0.00528512}, {'price': 0.03939782, 'size': 0.00230517}, {'price': 0.0393, 'size': 0.00254605}, {'price': 0.03925777, 'size': 0.00247084}, {'price': 0.0392, 'size': 0.00255229}, {'price': 0.0391, 'size': 0.00255882}, {'price': 0.0389, 'size': 0.00025964}, {'price': 0.03885, 'size': 0.00025997}, {'price': 0.0388, 'size': 0.00151792}, {'price': 0.0387, 'size': 0.00287958}, {'price': 0.03869211, 'size': 0.11164759}, {'price': 0.0386, 'size': 0.00288056}, {'price': 0.03855, 'size': 0.00026199}, {'price': 0.0385, 'size': 0.20026233}, {'price': 0.03845, 'size': 0.00026267}, {'price': 0.0384, 'size': 0.00288255}, {'price': 0.03834, 'size': 0.00272818}, {'price': 0.0383, 'size': 0.00261984}, {'price': 0.0382, 'size': 0.00310942}, {'price': 0.03816613, 'size': 0.00082193}, {'price': 0.0381, 'size': 0.00311049}, {'price': 0.03802, 'size': 1.1}, {'price': 0.03801277, 'size': 0.01221849}, {'price': 0.0380001, 'size': 0.00028}, {'price': 0.038, 'size': 0.00866342}, {'price': 0.0379, 'size': 0.00311212}, {'price': 0.0378, 'size': 0.00311347}, {'price': 0.03772, 'size': 0.01493382}, {'price': 0.0377, 'size': 0.00311485}, {'price': 0.03763159, 'size': 0.02189266}, {'price': 0.0376, 'size': 0.00438429}, {'price': 0.03759, 'size': 0.00205824}, {'price': 0.0375, 'size': 0.00311733}, {'price': 0.03745, 'size': 0.00255218}, {'price': 0.03740009, 'size': 0.00401068}, {'price': 0.0374, 'size': 0.00283288}, {'price': 0.0373, 'size': 0.00324369}, {'price': 0.03723365, 'size': 0.01769471}, {'price': 0.0372, 'size': 0.00324515}, {'price': 0.0371, 'size': 0.00351885}, {'price': 0.03702072, 'size': 0.00600362}, {'price': 0.03701277, 'size': 0.01217767}, {'price': 0.0370001, 'size': 0.00029}, {'price': 0.037, 'size': 0.00454594}, {'price': 0.0369, 'size': 0.00297642}, {'price': 0.0368, 'size': 0.00297771}, {'price': 0.03673267, 'size': 0.01151261}, {'price': 0.0367, 'size': 0.00297874}, {'price': 0.0366, 'size': 0.00297895}, {'price': 0.0365, 'size': 0.04698735}]",0.0396,0.03984,0.00023999999999999716,0.6060606060605989,0.039720000000000005,200.10093451999992,1.6606387899999997,-0.9835386018977113,0.0,199.66476085999992
2025-09-03 16:51:52.312995900+00:00,"[{'price': 0.0399, 'size': 0.002518}, {'price': 0.03997577, 'size': 0.01389099}, {'price': 0.04, 'size': 0.00570829}, {'price': 0.0401, 'size': 0.0025055}, {'price': 0.0402, 'size': 0.00587469}, {'price': 0.04020711, 'size': 0.00521236}, {'price': 0.04020795, 'size': 0.10297931}, {'price': 0.0403, 'size': 0.00251407}, {'price': 0.0404, 'size': 0.00520768}, {'price': 0.0405, 'size': 0.0025435}, {'price': 0.0406, 'size': 0.00252159}, {'price': 0.0407, 'size': 0.0025097}, {'price': 0.0408, 'size': 0.00799603}, {'price': 0.0409, 'size': 0.00511501}, {'price': 0.04097577, 'size': 0.01349061}, {'price': 0.04098987, 'size': 0.00316422}, {'price': 0.041, 'size': 0.0073588}, {'price': 0.04109, 'size': 0.00249469}, {'price': 0.0411, 'size': 0.00507724}, {'price': 0.04112342, 'size': 0.00935766}, {'price': 0.0412, 'size': 0.01005698}, {'price': 0.04129712, 'size': 0.02982162}, {'price': 0.0413, 'size': 0.00508909}, {'price': 0.0414, 'size': 0.00461649}, {'price': 0.04145, 'size': 0.004}, {'price': 0.0415, 'size': 0.10228603}, {'price': 0.04152, 'size': 0.00024939}, {'price': 0.04157, 'size': 0.00124909}, {'price': 0.0416, 'size': 0.0035}, {'price': 0.04162, 'size': 0.00024879}, {'price': 0.04167, 'size': 0.00024849}, {'price': 0.04169613, 'size': 0.002}, {'price': 0.0417, 'size': 0.0025}, {'price': 0.04172, 'size': 0.00024819}, {'price': 0.04177, 'size': 0.00024789}, {'price': 0.0418, 'size': 0.0025}, {'price': 0.04180188, 'size': 0.0024718}, {'price': 0.04182, 'size': 0.00024663}, {'price': 0.04187, 'size': 0.00024705}, {'price': 0.0419, 'size': 0.0025}, {'price': 0.04191919, 'size': 0.00369912}, {'price': 0.04191967, 'size': 0.02965129}, {'price': 0.04192, 'size': 0.00024652}, {'price': 0.04197, 'size': 0.00024694}, {'price': 0.04197577, 'size': 0.01199991}, {'price': 0.042, 'size': 0.00474414}, {'price': 0.04202, 'size': 0.00023971}, {'price': 0.04207, 'size': 0.00023942}, {'price': 0.0421, 'size': 0.0025}, {'price': 0.04212, 'size': 0.00023914}]","[{'price': 0.0396, 'size': 0.00528512}, {'price': 0.03939782, 'size': 0.00230517}, {'price': 0.0393, 'size': 0.00254605}, {'price': 0.03925777, 'size': 0.00247084}, {'price': 0.0392, 'size': 0.00255229}, {'price': 0.0391, 'size': 0.00255882}, {'price': 0.0389, 'size': 0.00025964}, {'price': 0.03885, 'size': 0.00025997}, {'price': 0.0388, 'size': 0.00151792}, {'price': 0.0387, 'size': 0.00287958}, {'price': 0.03869211, 'size': 0.11164759}, {'price': 0.0386, 'size': 0.00288056}, {'price': 0.03855, 'size': 0.00026199}, {'price': 0.0385, 'size': 0.20026233}, {'price': 0.03845, 'size': 0.00026267}, {'price': 0.0384, 'size': 0.00288255}, {'price': 0.03834, 'size': 0.00272818}, {'price': 0.0383, 'size': 0.00261984}, {'price': 0.0382, 'size': 0.00310942}, {'price': 0.03816613, 'size': 0.00082193}, {'price': 0.0381, 'size': 0.00311049}, {'price': 0.03802, 'size': 1.1}, {'price': 0.03801277, 'size': 0.01221849}, {'price': 0.0380001, 'size': 0.00028}, {'price': 0.038, 'size': 0.00866342}, {'price': 0.0379, 'size': 0.00311212}, {'price': 0.0378, 'size': 0.00311347}, {'price': 0.03772, 'size': 0.01493382}, {'price': 0.0377, 'size': 0.00311485}, {'price': 0.03763159, 'size': 0.02189266}, {'price': 0.0376, 'size': 0.00438429}, {'price': 0.03759, 'size': 0.00205824}, {'price': 0.0375, 'size': 0.00311733}, {'price': 0.03745, 'size': 0.00255218}, {'price': 0.03740009, 'size': 0.00401068}, {'price': 0.0374, 'size': 0.00283288}, {'price': 0.0373, 'size': 0.00324369}, {'price': 0.03723365, 'size': 0.01769471}, {'price': 0.0372, 'size': 0.00324515}, {'price': 0.0371, 'size': 0.00351885}, {'price': 0.03702072, 'size': 0.00600362}, {'price': 0.03701277, 'size': 0.01217767}, {'price': 0.0370001, 'size': 0.00029}, {'price': 0.037, 'size': 0.00454594}, {'price': 0.0369, 'size': 0.00297642}, {'price': 0.0368, 'size': 0.00297771}, {'price': 0.03673267, 'size': 0.01151261}, {'price': 0.0367, 'size': 0.00297874}, {'price': 0.0366, 'size': 0.00297895}, {'price': 0.0365, 'size': 0.04698735}]",0.0396,0.0399,0.0002999999999999947,0.7575757575757441,0.03975,0.43617365999999996,1.6606387899999997,0.5839650227181739,0.0,-199.66476085999992
